Created by PLY version 3.11 (http://www.dabeaz.com/ply)

Unused terminals:

    NUMBER

Grammar

Rule 0     S' -> programa
Rule 1     programa -> expresion
Rule 2     expresion -> GLA
Rule 3     expresion -> GLB
Rule 4     expresion -> GLC
Rule 5     expresion -> GLD
Rule 6     expresion -> GLE
Rule 7     expresion -> GLF
Rule 8     expresion -> GLG
Rule 9     expresion -> GLH
Rule 10    expresion -> GLI
Rule 11    expresion -> GLJ
Rule 12    expresion -> GLK
Rule 13    expresion -> GLL
Rule 14    expresion -> GLM
Rule 15    expresion -> GLN
Rule 16    expresion -> GLO
Rule 17    expresion -> GLP
Rule 18    expresion -> GLQ
Rule 19    expresion -> GLR
Rule 20    expresion -> GLS
Rule 21    expresion -> GLT
Rule 22    expresion -> GLU
Rule 23    expresion -> GLV
Rule 24    expresion -> GLW
Rule 25    expresion -> GLX
Rule 26    expresion -> GLY
Rule 27    expresion -> GLZ
Rule 28    expresion -> GL1
Rule 29    expresion -> GL2
Rule 30    expresion -> GL3
Rule 31    expresion -> GL4
Rule 32    expresion -> GL5
Rule 33    expresion -> GL6
Rule 34    expresion -> GL7
Rule 35    expresion -> GL8
Rule 36    expresion -> GL9
Rule 37    expresion -> GL10
Rule 38    expresion -> GL11
Rule 39    expresion -> GL12
Rule 40    expresion -> GL13
Rule 41    expresion -> GL14
Rule 42    expresion -> REFLEXIVO_INICIO
Rule 43    expresion -> REFLEXIVO_CLAUSURA
Rule 44    expresion -> REFLEXIVO_FUEGO
Rule 45    expresion -> REFLEXIVO_TIERRA
Rule 46    expresion -> REFLEXIVO_LLAVE1
Rule 47    expresion -> REFLEXIVO_LLAVE2
Rule 48    expresion -> REFLEXIVO_LLAVE3
Rule 49    expresion -> SIS_MEMORIA
Rule 50    expresion -> SIS_CICLO
Rule 51    expresion -> SIS_ENTIDAD
Rule 52    expresion -> SIS_DESPERTAR
Rule 53    expresion -> SIS_MUTANTE
Rule 54    expresion -> INT_CONEXION
Rule 55    expresion -> INT_DIALOGO
Rule 56    expresion -> INT_RUPTURA
Rule 57    expresion -> INT_NEXO
Rule 58    expresion -> INT_META
Rule 59    expresion -> expresion SUMA expresion
Rule 60    expresion -> expresion RESTA expresion
Rule 61    expresion -> expresion MULTIPLICACION expresion
Rule 62    expresion -> expresion DIVISION expresion
Rule 63    expresion -> expresion APROXIMACION expresion
Rule 64    expresion -> expresion FUSION expresion
Rule 65    expresion -> expresion COLISION expresion
Rule 66    expresion -> expresion INTERCAMBIO expresion
Rule 67    expresion -> expresion POTENCIACION expresion
Rule 68    expresion -> expresion ATENUACION expresion
Rule 69    expresion -> expresion RESULTADO expresion
Rule 70    expresion -> expresion FLUJO_ORIENTADO expresion
Rule 71    expresion -> RETROACCION expresion
Rule 72    expresion -> FLUJO_CICLICO expresion
Rule 73    expresion -> TEMPORALIDAD expresion
Rule 74    expresion -> PERSISTENCIA expresion
Rule 75    expresion -> INSTANTANEO expresion
Rule 76    expresion -> CADENCIA expresion
Rule 77    expresion -> expresion OR_LOGICO expresion
Rule 78    expresion -> expresion AND_LOGICO expresion
Rule 79    expresion -> NOT_LOGICO expresion
Rule 80    expresion -> PROBABILIDAD expresion
Rule 81    expresion -> EMERGENCIA expresion
Rule 82    expresion -> SUPERINDICE expresion
Rule 83    expresion -> SUBINDICE expresion
Rule 84    expresion -> PARENTESIS_FUERTE_ABRE expresion PARENTESIS_FUERTE_CIERRA
Rule 85    expresion -> PARENTESIS_FLUIDO_ABRE expresion PARENTESIS_FLUIDO_CIERRA
Rule 86    expresion -> HALT
Rule 87    expresion -> PURGE
Rule 88    expresion -> ISOLATE
Rule 89    expresion -> AUDIT
Rule 90    expresion -> KILL

Terminals, with rules where they appear

AND_LOGICO           : 78
APROXIMACION         : 63
ATENUACION           : 68
AUDIT                : 89
CADENCIA             : 76
COLISION             : 65
DIVISION             : 62
EMERGENCIA           : 81
FLUJO_CICLICO        : 72
FLUJO_ORIENTADO      : 70
FUSION               : 64
GL1                  : 28
GL10                 : 37
GL11                 : 38
GL12                 : 39
GL13                 : 40
GL14                 : 41
GL2                  : 29
GL3                  : 30
GL4                  : 31
GL5                  : 32
GL6                  : 33
GL7                  : 34
GL8                  : 35
GL9                  : 36
GLA                  : 2
GLB                  : 3
GLC                  : 4
GLD                  : 5
GLE                  : 6
GLF                  : 7
GLG                  : 8
GLH                  : 9
GLI                  : 10
GLJ                  : 11
GLK                  : 12
GLL                  : 13
GLM                  : 14
GLN                  : 15
GLO                  : 16
GLP                  : 17
GLQ                  : 18
GLR                  : 19
GLS                  : 20
GLT                  : 21
GLU                  : 22
GLV                  : 23
GLW                  : 24
GLX                  : 25
GLY                  : 26
GLZ                  : 27
HALT                 : 86
INSTANTANEO          : 75
INTERCAMBIO          : 66
INT_CONEXION         : 54
INT_DIALOGO          : 55
INT_META             : 58
INT_NEXO             : 57
INT_RUPTURA          : 56
ISOLATE              : 88
KILL                 : 90
MULTIPLICACION       : 61
NOT_LOGICO           : 79
NUMBER               : 
OR_LOGICO            : 77
PARENTESIS_FLUIDO_ABRE : 85
PARENTESIS_FLUIDO_CIERRA : 85
PARENTESIS_FUERTE_ABRE : 84
PARENTESIS_FUERTE_CIERRA : 84
PERSISTENCIA         : 74
POTENCIACION         : 67
PROBABILIDAD         : 80
PURGE                : 87
REFLEXIVO_CLAUSURA   : 43
REFLEXIVO_FUEGO      : 44
REFLEXIVO_INICIO     : 42
REFLEXIVO_LLAVE1     : 46
REFLEXIVO_LLAVE2     : 47
REFLEXIVO_LLAVE3     : 48
REFLEXIVO_TIERRA     : 45
RESTA                : 60
RESULTADO            : 69
RETROACCION          : 71
SIS_CICLO            : 50
SIS_DESPERTAR        : 52
SIS_ENTIDAD          : 51
SIS_MEMORIA          : 49
SIS_MUTANTE          : 53
SUBINDICE            : 83
SUMA                 : 59
SUPERINDICE          : 82
TEMPORALIDAD         : 73
error                : 

Nonterminals, with rules where they appear

expresion            : 1 59 59 60 60 61 61 62 62 63 63 64 64 65 65 66 66 67 67 68 68 69 69 70 70 71 72 73 74 75 76 77 77 78 78 79 80 81 82 83 84 85
programa             : 0

Parsing method: LALR

state 0

    (0) S' -> . programa
    (1) programa -> . expresion
    (2) expresion -> . GLA
    (3) expresion -> . GLB
    (4) expresion -> . GLC
    (5) expresion -> . GLD
    (6) expresion -> . GLE
    (7) expresion -> . GLF
    (8) expresion -> . GLG
    (9) expresion -> . GLH
    (10) expresion -> . GLI
    (11) expresion -> . GLJ
    (12) expresion -> . GLK
    (13) expresion -> . GLL
    (14) expresion -> . GLM
    (15) expresion -> . GLN
    (16) expresion -> . GLO
    (17) expresion -> . GLP
    (18) expresion -> . GLQ
    (19) expresion -> . GLR
    (20) expresion -> . GLS
    (21) expresion -> . GLT
    (22) expresion -> . GLU
    (23) expresion -> . GLV
    (24) expresion -> . GLW
    (25) expresion -> . GLX
    (26) expresion -> . GLY
    (27) expresion -> . GLZ
    (28) expresion -> . GL1
    (29) expresion -> . GL2
    (30) expresion -> . GL3
    (31) expresion -> . GL4
    (32) expresion -> . GL5
    (33) expresion -> . GL6
    (34) expresion -> . GL7
    (35) expresion -> . GL8
    (36) expresion -> . GL9
    (37) expresion -> . GL10
    (38) expresion -> . GL11
    (39) expresion -> . GL12
    (40) expresion -> . GL13
    (41) expresion -> . GL14
    (42) expresion -> . REFLEXIVO_INICIO
    (43) expresion -> . REFLEXIVO_CLAUSURA
    (44) expresion -> . REFLEXIVO_FUEGO
    (45) expresion -> . REFLEXIVO_TIERRA
    (46) expresion -> . REFLEXIVO_LLAVE1
    (47) expresion -> . REFLEXIVO_LLAVE2
    (48) expresion -> . REFLEXIVO_LLAVE3
    (49) expresion -> . SIS_MEMORIA
    (50) expresion -> . SIS_CICLO
    (51) expresion -> . SIS_ENTIDAD
    (52) expresion -> . SIS_DESPERTAR
    (53) expresion -> . SIS_MUTANTE
    (54) expresion -> . INT_CONEXION
    (55) expresion -> . INT_DIALOGO
    (56) expresion -> . INT_RUPTURA
    (57) expresion -> . INT_NEXO
    (58) expresion -> . INT_META
    (59) expresion -> . expresion SUMA expresion
    (60) expresion -> . expresion RESTA expresion
    (61) expresion -> . expresion MULTIPLICACION expresion
    (62) expresion -> . expresion DIVISION expresion
    (63) expresion -> . expresion APROXIMACION expresion
    (64) expresion -> . expresion FUSION expresion
    (65) expresion -> . expresion COLISION expresion
    (66) expresion -> . expresion INTERCAMBIO expresion
    (67) expresion -> . expresion POTENCIACION expresion
    (68) expresion -> . expresion ATENUACION expresion
    (69) expresion -> . expresion RESULTADO expresion
    (70) expresion -> . expresion FLUJO_ORIENTADO expresion
    (71) expresion -> . RETROACCION expresion
    (72) expresion -> . FLUJO_CICLICO expresion
    (73) expresion -> . TEMPORALIDAD expresion
    (74) expresion -> . PERSISTENCIA expresion
    (75) expresion -> . INSTANTANEO expresion
    (76) expresion -> . CADENCIA expresion
    (77) expresion -> . expresion OR_LOGICO expresion
    (78) expresion -> . expresion AND_LOGICO expresion
    (79) expresion -> . NOT_LOGICO expresion
    (80) expresion -> . PROBABILIDAD expresion
    (81) expresion -> . EMERGENCIA expresion
    (82) expresion -> . SUPERINDICE expresion
    (83) expresion -> . SUBINDICE expresion
    (84) expresion -> . PARENTESIS_FUERTE_ABRE expresion PARENTESIS_FUERTE_CIERRA
    (85) expresion -> . PARENTESIS_FLUIDO_ABRE expresion PARENTESIS_FLUIDO_CIERRA
    (86) expresion -> . HALT
    (87) expresion -> . PURGE
    (88) expresion -> . ISOLATE
    (89) expresion -> . AUDIT
    (90) expresion -> . KILL

    GLA             shift and go to state 3
    GLB             shift and go to state 4
    GLC             shift and go to state 5
    GLD             shift and go to state 6
    GLE             shift and go to state 7
    GLF             shift and go to state 8
    GLG             shift and go to state 9
    GLH             shift and go to state 10
    GLI             shift and go to state 11
    GLJ             shift and go to state 12
    GLK             shift and go to state 13
    GLL             shift and go to state 14
    GLM             shift and go to state 15
    GLN             shift and go to state 16
    GLO             shift and go to state 17
    GLP             shift and go to state 18
    GLQ             shift and go to state 19
    GLR             shift and go to state 20
    GLS             shift and go to state 21
    GLT             shift and go to state 22
    GLU             shift and go to state 23
    GLV             shift and go to state 24
    GLW             shift and go to state 25
    GLX             shift and go to state 26
    GLY             shift and go to state 27
    GLZ             shift and go to state 28
    GL1             shift and go to state 29
    GL2             shift and go to state 30
    GL3             shift and go to state 31
    GL4             shift and go to state 32
    GL5             shift and go to state 33
    GL6             shift and go to state 34
    GL7             shift and go to state 35
    GL8             shift and go to state 36
    GL9             shift and go to state 37
    GL10            shift and go to state 38
    GL11            shift and go to state 39
    GL12            shift and go to state 40
    GL13            shift and go to state 41
    GL14            shift and go to state 42
    REFLEXIVO_INICIO shift and go to state 43
    REFLEXIVO_CLAUSURA shift and go to state 44
    REFLEXIVO_FUEGO shift and go to state 45
    REFLEXIVO_TIERRA shift and go to state 46
    REFLEXIVO_LLAVE1 shift and go to state 47
    REFLEXIVO_LLAVE2 shift and go to state 48
    REFLEXIVO_LLAVE3 shift and go to state 49
    SIS_MEMORIA     shift and go to state 50
    SIS_CICLO       shift and go to state 51
    SIS_ENTIDAD     shift and go to state 52
    SIS_DESPERTAR   shift and go to state 53
    SIS_MUTANTE     shift and go to state 54
    INT_CONEXION    shift and go to state 55
    INT_DIALOGO     shift and go to state 56
    INT_RUPTURA     shift and go to state 57
    INT_NEXO        shift and go to state 58
    INT_META        shift and go to state 59
    RETROACCION     shift and go to state 60
    FLUJO_CICLICO   shift and go to state 61
    TEMPORALIDAD    shift and go to state 62
    PERSISTENCIA    shift and go to state 63
    INSTANTANEO     shift and go to state 64
    CADENCIA        shift and go to state 65
    NOT_LOGICO      shift and go to state 66
    PROBABILIDAD    shift and go to state 67
    EMERGENCIA      shift and go to state 68
    SUPERINDICE     shift and go to state 69
    SUBINDICE       shift and go to state 70
    PARENTESIS_FUERTE_ABRE shift and go to state 71
    PARENTESIS_FLUIDO_ABRE shift and go to state 72
    HALT            shift and go to state 73
    PURGE           shift and go to state 74
    ISOLATE         shift and go to state 75
    AUDIT           shift and go to state 76
    KILL            shift and go to state 77

    programa                       shift and go to state 1
    expresion                      shift and go to state 2

state 1

    (0) S' -> programa .



state 2

    (1) programa -> expresion .
    (59) expresion -> expresion . SUMA expresion
    (60) expresion -> expresion . RESTA expresion
    (61) expresion -> expresion . MULTIPLICACION expresion
    (62) expresion -> expresion . DIVISION expresion
    (63) expresion -> expresion . APROXIMACION expresion
    (64) expresion -> expresion . FUSION expresion
    (65) expresion -> expresion . COLISION expresion
    (66) expresion -> expresion . INTERCAMBIO expresion
    (67) expresion -> expresion . POTENCIACION expresion
    (68) expresion -> expresion . ATENUACION expresion
    (69) expresion -> expresion . RESULTADO expresion
    (70) expresion -> expresion . FLUJO_ORIENTADO expresion
    (77) expresion -> expresion . OR_LOGICO expresion
    (78) expresion -> expresion . AND_LOGICO expresion

    $end            reduce using rule 1 (programa -> expresion .)
    SUMA            shift and go to state 78
    RESTA           shift and go to state 79
    MULTIPLICACION  shift and go to state 80
    DIVISION        shift and go to state 81
    APROXIMACION    shift and go to state 82
    FUSION          shift and go to state 83
    COLISION        shift and go to state 84
    INTERCAMBIO     shift and go to state 85
    POTENCIACION    shift and go to state 86
    ATENUACION      shift and go to state 87
    RESULTADO       shift and go to state 88
    FLUJO_ORIENTADO shift and go to state 89
    OR_LOGICO       shift and go to state 90
    AND_LOGICO      shift and go to state 91


state 3

    (2) expresion -> GLA .

    SUMA            reduce using rule 2 (expresion -> GLA .)
    RESTA           reduce using rule 2 (expresion -> GLA .)
    MULTIPLICACION  reduce using rule 2 (expresion -> GLA .)
    DIVISION        reduce using rule 2 (expresion -> GLA .)
    APROXIMACION    reduce using rule 2 (expresion -> GLA .)
    FUSION          reduce using rule 2 (expresion -> GLA .)
    COLISION        reduce using rule 2 (expresion -> GLA .)
    INTERCAMBIO     reduce using rule 2 (expresion -> GLA .)
    POTENCIACION    reduce using rule 2 (expresion -> GLA .)
    ATENUACION      reduce using rule 2 (expresion -> GLA .)
    RESULTADO       reduce using rule 2 (expresion -> GLA .)
    FLUJO_ORIENTADO reduce using rule 2 (expresion -> GLA .)
    OR_LOGICO       reduce using rule 2 (expresion -> GLA .)
    AND_LOGICO      reduce using rule 2 (expresion -> GLA .)
    $end            reduce using rule 2 (expresion -> GLA .)
    PARENTESIS_FUERTE_CIERRA reduce using rule 2 (expresion -> GLA .)
    PARENTESIS_FLUIDO_CIERRA reduce using rule 2 (expresion -> GLA .)


state 4

    (3) expresion -> GLB .

    SUMA            reduce using rule 3 (expresion -> GLB .)
    RESTA           reduce using rule 3 (expresion -> GLB .)
    MULTIPLICACION  reduce using rule 3 (expresion -> GLB .)
    DIVISION        reduce using rule 3 (expresion -> GLB .)
    APROXIMACION    reduce using rule 3 (expresion -> GLB .)
    FUSION          reduce using rule 3 (expresion -> GLB .)
    COLISION        reduce using rule 3 (expresion -> GLB .)
    INTERCAMBIO     reduce using rule 3 (expresion -> GLB .)
    POTENCIACION    reduce using rule 3 (expresion -> GLB .)
    ATENUACION      reduce using rule 3 (expresion -> GLB .)
    RESULTADO       reduce using rule 3 (expresion -> GLB .)
    FLUJO_ORIENTADO reduce using rule 3 (expresion -> GLB .)
    OR_LOGICO       reduce using rule 3 (expresion -> GLB .)
    AND_LOGICO      reduce using rule 3 (expresion -> GLB .)
    $end            reduce using rule 3 (expresion -> GLB .)
    PARENTESIS_FUERTE_CIERRA reduce using rule 3 (expresion -> GLB .)
    PARENTESIS_FLUIDO_CIERRA reduce using rule 3 (expresion -> GLB .)


state 5

    (4) expresion -> GLC .

    SUMA            reduce using rule 4 (expresion -> GLC .)
    RESTA           reduce using rule 4 (expresion -> GLC .)
    MULTIPLICACION  reduce using rule 4 (expresion -> GLC .)
    DIVISION        reduce using rule 4 (expresion -> GLC .)
    APROXIMACION    reduce using rule 4 (expresion -> GLC .)
    FUSION          reduce using rule 4 (expresion -> GLC .)
    COLISION        reduce using rule 4 (expresion -> GLC .)
    INTERCAMBIO     reduce using rule 4 (expresion -> GLC .)
    POTENCIACION    reduce using rule 4 (expresion -> GLC .)
    ATENUACION      reduce using rule 4 (expresion -> GLC .)
    RESULTADO       reduce using rule 4 (expresion -> GLC .)
    FLUJO_ORIENTADO reduce using rule 4 (expresion -> GLC .)
    OR_LOGICO       reduce using rule 4 (expresion -> GLC .)
    AND_LOGICO      reduce using rule 4 (expresion -> GLC .)
    $end            reduce using rule 4 (expresion -> GLC .)
    PARENTESIS_FUERTE_CIERRA reduce using rule 4 (expresion -> GLC .)
    PARENTESIS_FLUIDO_CIERRA reduce using rule 4 (expresion -> GLC .)


state 6

    (5) expresion -> GLD .

    SUMA            reduce using rule 5 (expresion -> GLD .)
    RESTA           reduce using rule 5 (expresion -> GLD .)
    MULTIPLICACION  reduce using rule 5 (expresion -> GLD .)
    DIVISION        reduce using rule 5 (expresion -> GLD .)
    APROXIMACION    reduce using rule 5 (expresion -> GLD .)
    FUSION          reduce using rule 5 (expresion -> GLD .)
    COLISION        reduce using rule 5 (expresion -> GLD .)
    INTERCAMBIO     reduce using rule 5 (expresion -> GLD .)
    POTENCIACION    reduce using rule 5 (expresion -> GLD .)
    ATENUACION      reduce using rule 5 (expresion -> GLD .)
    RESULTADO       reduce using rule 5 (expresion -> GLD .)
    FLUJO_ORIENTADO reduce using rule 5 (expresion -> GLD .)
    OR_LOGICO       reduce using rule 5 (expresion -> GLD .)
    AND_LOGICO      reduce using rule 5 (expresion -> GLD .)
    $end            reduce using rule 5 (expresion -> GLD .)
    PARENTESIS_FUERTE_CIERRA reduce using rule 5 (expresion -> GLD .)
    PARENTESIS_FLUIDO_CIERRA reduce using rule 5 (expresion -> GLD .)


state 7

    (6) expresion -> GLE .

    SUMA            reduce using rule 6 (expresion -> GLE .)
    RESTA           reduce using rule 6 (expresion -> GLE .)
    MULTIPLICACION  reduce using rule 6 (expresion -> GLE .)
    DIVISION        reduce using rule 6 (expresion -> GLE .)
    APROXIMACION    reduce using rule 6 (expresion -> GLE .)
    FUSION          reduce using rule 6 (expresion -> GLE .)
    COLISION        reduce using rule 6 (expresion -> GLE .)
    INTERCAMBIO     reduce using rule 6 (expresion -> GLE .)
    POTENCIACION    reduce using rule 6 (expresion -> GLE .)
    ATENUACION      reduce using rule 6 (expresion -> GLE .)
    RESULTADO       reduce using rule 6 (expresion -> GLE .)
    FLUJO_ORIENTADO reduce using rule 6 (expresion -> GLE .)
    OR_LOGICO       reduce using rule 6 (expresion -> GLE .)
    AND_LOGICO      reduce using rule 6 (expresion -> GLE .)
    $end            reduce using rule 6 (expresion -> GLE .)
    PARENTESIS_FUERTE_CIERRA reduce using rule 6 (expresion -> GLE .)
    PARENTESIS_FLUIDO_CIERRA reduce using rule 6 (expresion -> GLE .)


state 8

    (7) expresion -> GLF .

    SUMA            reduce using rule 7 (expresion -> GLF .)
    RESTA           reduce using rule 7 (expresion -> GLF .)
    MULTIPLICACION  reduce using rule 7 (expresion -> GLF .)
    DIVISION        reduce using rule 7 (expresion -> GLF .)
    APROXIMACION    reduce using rule 7 (expresion -> GLF .)
    FUSION          reduce using rule 7 (expresion -> GLF .)
    COLISION        reduce using rule 7 (expresion -> GLF .)
    INTERCAMBIO     reduce using rule 7 (expresion -> GLF .)
    POTENCIACION    reduce using rule 7 (expresion -> GLF .)
    ATENUACION      reduce using rule 7 (expresion -> GLF .)
    RESULTADO       reduce using rule 7 (expresion -> GLF .)
    FLUJO_ORIENTADO reduce using rule 7 (expresion -> GLF .)
    OR_LOGICO       reduce using rule 7 (expresion -> GLF .)
    AND_LOGICO      reduce using rule 7 (expresion -> GLF .)
    $end            reduce using rule 7 (expresion -> GLF .)
    PARENTESIS_FUERTE_CIERRA reduce using rule 7 (expresion -> GLF .)
    PARENTESIS_FLUIDO_CIERRA reduce using rule 7 (expresion -> GLF .)


state 9

    (8) expresion -> GLG .

    SUMA            reduce using rule 8 (expresion -> GLG .)
    RESTA           reduce using rule 8 (expresion -> GLG .)
    MULTIPLICACION  reduce using rule 8 (expresion -> GLG .)
    DIVISION        reduce using rule 8 (expresion -> GLG .)
    APROXIMACION    reduce using rule 8 (expresion -> GLG .)
    FUSION          reduce using rule 8 (expresion -> GLG .)
    COLISION        reduce using rule 8 (expresion -> GLG .)
    INTERCAMBIO     reduce using rule 8 (expresion -> GLG .)
    POTENCIACION    reduce using rule 8 (expresion -> GLG .)
    ATENUACION      reduce using rule 8 (expresion -> GLG .)
    RESULTADO       reduce using rule 8 (expresion -> GLG .)
    FLUJO_ORIENTADO reduce using rule 8 (expresion -> GLG .)
    OR_LOGICO       reduce using rule 8 (expresion -> GLG .)
    AND_LOGICO      reduce using rule 8 (expresion -> GLG .)
    $end            reduce using rule 8 (expresion -> GLG .)
    PARENTESIS_FUERTE_CIERRA reduce using rule 8 (expresion -> GLG .)
    PARENTESIS_FLUIDO_CIERRA reduce using rule 8 (expresion -> GLG .)


state 10

    (9) expresion -> GLH .

    SUMA            reduce using rule 9 (expresion -> GLH .)
    RESTA           reduce using rule 9 (expresion -> GLH .)
    MULTIPLICACION  reduce using rule 9 (expresion -> GLH .)
    DIVISION        reduce using rule 9 (expresion -> GLH .)
    APROXIMACION    reduce using rule 9 (expresion -> GLH .)
    FUSION          reduce using rule 9 (expresion -> GLH .)
    COLISION        reduce using rule 9 (expresion -> GLH .)
    INTERCAMBIO     reduce using rule 9 (expresion -> GLH .)
    POTENCIACION    reduce using rule 9 (expresion -> GLH .)
    ATENUACION      reduce using rule 9 (expresion -> GLH .)
    RESULTADO       reduce using rule 9 (expresion -> GLH .)
    FLUJO_ORIENTADO reduce using rule 9 (expresion -> GLH .)
    OR_LOGICO       reduce using rule 9 (expresion -> GLH .)
    AND_LOGICO      reduce using rule 9 (expresion -> GLH .)
    $end            reduce using rule 9 (expresion -> GLH .)
    PARENTESIS_FUERTE_CIERRA reduce using rule 9 (expresion -> GLH .)
    PARENTESIS_FLUIDO_CIERRA reduce using rule 9 (expresion -> GLH .)


state 11

    (10) expresion -> GLI .

    SUMA            reduce using rule 10 (expresion -> GLI .)
    RESTA           reduce using rule 10 (expresion -> GLI .)
    MULTIPLICACION  reduce using rule 10 (expresion -> GLI .)
    DIVISION        reduce using rule 10 (expresion -> GLI .)
    APROXIMACION    reduce using rule 10 (expresion -> GLI .)
    FUSION          reduce using rule 10 (expresion -> GLI .)
    COLISION        reduce using rule 10 (expresion -> GLI .)
    INTERCAMBIO     reduce using rule 10 (expresion -> GLI .)
    POTENCIACION    reduce using rule 10 (expresion -> GLI .)
    ATENUACION      reduce using rule 10 (expresion -> GLI .)
    RESULTADO       reduce using rule 10 (expresion -> GLI .)
    FLUJO_ORIENTADO reduce using rule 10 (expresion -> GLI .)
    OR_LOGICO       reduce using rule 10 (expresion -> GLI .)
    AND_LOGICO      reduce using rule 10 (expresion -> GLI .)
    $end            reduce using rule 10 (expresion -> GLI .)
    PARENTESIS_FUERTE_CIERRA reduce using rule 10 (expresion -> GLI .)
    PARENTESIS_FLUIDO_CIERRA reduce using rule 10 (expresion -> GLI .)


state 12

    (11) expresion -> GLJ .

    SUMA            reduce using rule 11 (expresion -> GLJ .)
    RESTA           reduce using rule 11 (expresion -> GLJ .)
    MULTIPLICACION  reduce using rule 11 (expresion -> GLJ .)
    DIVISION        reduce using rule 11 (expresion -> GLJ .)
    APROXIMACION    reduce using rule 11 (expresion -> GLJ .)
    FUSION          reduce using rule 11 (expresion -> GLJ .)
    COLISION        reduce using rule 11 (expresion -> GLJ .)
    INTERCAMBIO     reduce using rule 11 (expresion -> GLJ .)
    POTENCIACION    reduce using rule 11 (expresion -> GLJ .)
    ATENUACION      reduce using rule 11 (expresion -> GLJ .)
    RESULTADO       reduce using rule 11 (expresion -> GLJ .)
    FLUJO_ORIENTADO reduce using rule 11 (expresion -> GLJ .)
    OR_LOGICO       reduce using rule 11 (expresion -> GLJ .)
    AND_LOGICO      reduce using rule 11 (expresion -> GLJ .)
    $end            reduce using rule 11 (expresion -> GLJ .)
    PARENTESIS_FUERTE_CIERRA reduce using rule 11 (expresion -> GLJ .)
    PARENTESIS_FLUIDO_CIERRA reduce using rule 11 (expresion -> GLJ .)


state 13

    (12) expresion -> GLK .

    SUMA            reduce using rule 12 (expresion -> GLK .)
    RESTA           reduce using rule 12 (expresion -> GLK .)
    MULTIPLICACION  reduce using rule 12 (expresion -> GLK .)
    DIVISION        reduce using rule 12 (expresion -> GLK .)
    APROXIMACION    reduce using rule 12 (expresion -> GLK .)
    FUSION          reduce using rule 12 (expresion -> GLK .)
    COLISION        reduce using rule 12 (expresion -> GLK .)
    INTERCAMBIO     reduce using rule 12 (expresion -> GLK .)
    POTENCIACION    reduce using rule 12 (expresion -> GLK .)
    ATENUACION      reduce using rule 12 (expresion -> GLK .)
    RESULTADO       reduce using rule 12 (expresion -> GLK .)
    FLUJO_ORIENTADO reduce using rule 12 (expresion -> GLK .)
    OR_LOGICO       reduce using rule 12 (expresion -> GLK .)
    AND_LOGICO      reduce using rule 12 (expresion -> GLK .)
    $end            reduce using rule 12 (expresion -> GLK .)
    PARENTESIS_FUERTE_CIERRA reduce using rule 12 (expresion -> GLK .)
    PARENTESIS_FLUIDO_CIERRA reduce using rule 12 (expresion -> GLK .)


state 14

    (13) expresion -> GLL .

    SUMA            reduce using rule 13 (expresion -> GLL .)
    RESTA           reduce using rule 13 (expresion -> GLL .)
    MULTIPLICACION  reduce using rule 13 (expresion -> GLL .)
    DIVISION        reduce using rule 13 (expresion -> GLL .)
    APROXIMACION    reduce using rule 13 (expresion -> GLL .)
    FUSION          reduce using rule 13 (expresion -> GLL .)
    COLISION        reduce using rule 13 (expresion -> GLL .)
    INTERCAMBIO     reduce using rule 13 (expresion -> GLL .)
    POTENCIACION    reduce using rule 13 (expresion -> GLL .)
    ATENUACION      reduce using rule 13 (expresion -> GLL .)
    RESULTADO       reduce using rule 13 (expresion -> GLL .)
    FLUJO_ORIENTADO reduce using rule 13 (expresion -> GLL .)
    OR_LOGICO       reduce using rule 13 (expresion -> GLL .)
    AND_LOGICO      reduce using rule 13 (expresion -> GLL .)
    $end            reduce using rule 13 (expresion -> GLL .)
    PARENTESIS_FUERTE_CIERRA reduce using rule 13 (expresion -> GLL .)
    PARENTESIS_FLUIDO_CIERRA reduce using rule 13 (expresion -> GLL .)


state 15

    (14) expresion -> GLM .

    SUMA            reduce using rule 14 (expresion -> GLM .)
    RESTA           reduce using rule 14 (expresion -> GLM .)
    MULTIPLICACION  reduce using rule 14 (expresion -> GLM .)
    DIVISION        reduce using rule 14 (expresion -> GLM .)
    APROXIMACION    reduce using rule 14 (expresion -> GLM .)
    FUSION          reduce using rule 14 (expresion -> GLM .)
    COLISION        reduce using rule 14 (expresion -> GLM .)
    INTERCAMBIO     reduce using rule 14 (expresion -> GLM .)
    POTENCIACION    reduce using rule 14 (expresion -> GLM .)
    ATENUACION      reduce using rule 14 (expresion -> GLM .)
    RESULTADO       reduce using rule 14 (expresion -> GLM .)
    FLUJO_ORIENTADO reduce using rule 14 (expresion -> GLM .)
    OR_LOGICO       reduce using rule 14 (expresion -> GLM .)
    AND_LOGICO      reduce using rule 14 (expresion -> GLM .)
    $end            reduce using rule 14 (expresion -> GLM .)
    PARENTESIS_FUERTE_CIERRA reduce using rule 14 (expresion -> GLM .)
    PARENTESIS_FLUIDO_CIERRA reduce using rule 14 (expresion -> GLM .)


state 16

    (15) expresion -> GLN .

    SUMA            reduce using rule 15 (expresion -> GLN .)
    RESTA           reduce using rule 15 (expresion -> GLN .)
    MULTIPLICACION  reduce using rule 15 (expresion -> GLN .)
    DIVISION        reduce using rule 15 (expresion -> GLN .)
    APROXIMACION    reduce using rule 15 (expresion -> GLN .)
    FUSION          reduce using rule 15 (expresion -> GLN .)
    COLISION        reduce using rule 15 (expresion -> GLN .)
    INTERCAMBIO     reduce using rule 15 (expresion -> GLN .)
    POTENCIACION    reduce using rule 15 (expresion -> GLN .)
    ATENUACION      reduce using rule 15 (expresion -> GLN .)
    RESULTADO       reduce using rule 15 (expresion -> GLN .)
    FLUJO_ORIENTADO reduce using rule 15 (expresion -> GLN .)
    OR_LOGICO       reduce using rule 15 (expresion -> GLN .)
    AND_LOGICO      reduce using rule 15 (expresion -> GLN .)
    $end            reduce using rule 15 (expresion -> GLN .)
    PARENTESIS_FUERTE_CIERRA reduce using rule 15 (expresion -> GLN .)
    PARENTESIS_FLUIDO_CIERRA reduce using rule 15 (expresion -> GLN .)


state 17

    (16) expresion -> GLO .

    SUMA            reduce using rule 16 (expresion -> GLO .)
    RESTA           reduce using rule 16 (expresion -> GLO .)
    MULTIPLICACION  reduce using rule 16 (expresion -> GLO .)
    DIVISION        reduce using rule 16 (expresion -> GLO .)
    APROXIMACION    reduce using rule 16 (expresion -> GLO .)
    FUSION          reduce using rule 16 (expresion -> GLO .)
    COLISION        reduce using rule 16 (expresion -> GLO .)
    INTERCAMBIO     reduce using rule 16 (expresion -> GLO .)
    POTENCIACION    reduce using rule 16 (expresion -> GLO .)
    ATENUACION      reduce using rule 16 (expresion -> GLO .)
    RESULTADO       reduce using rule 16 (expresion -> GLO .)
    FLUJO_ORIENTADO reduce using rule 16 (expresion -> GLO .)
    OR_LOGICO       reduce using rule 16 (expresion -> GLO .)
    AND_LOGICO      reduce using rule 16 (expresion -> GLO .)
    $end            reduce using rule 16 (expresion -> GLO .)
    PARENTESIS_FUERTE_CIERRA reduce using rule 16 (expresion -> GLO .)
    PARENTESIS_FLUIDO_CIERRA reduce using rule 16 (expresion -> GLO .)


state 18

    (17) expresion -> GLP .

    SUMA            reduce using rule 17 (expresion -> GLP .)
    RESTA           reduce using rule 17 (expresion -> GLP .)
    MULTIPLICACION  reduce using rule 17 (expresion -> GLP .)
    DIVISION        reduce using rule 17 (expresion -> GLP .)
    APROXIMACION    reduce using rule 17 (expresion -> GLP .)
    FUSION          reduce using rule 17 (expresion -> GLP .)
    COLISION        reduce using rule 17 (expresion -> GLP .)
    INTERCAMBIO     reduce using rule 17 (expresion -> GLP .)
    POTENCIACION    reduce using rule 17 (expresion -> GLP .)
    ATENUACION      reduce using rule 17 (expresion -> GLP .)
    RESULTADO       reduce using rule 17 (expresion -> GLP .)
    FLUJO_ORIENTADO reduce using rule 17 (expresion -> GLP .)
    OR_LOGICO       reduce using rule 17 (expresion -> GLP .)
    AND_LOGICO      reduce using rule 17 (expresion -> GLP .)
    $end            reduce using rule 17 (expresion -> GLP .)
    PARENTESIS_FUERTE_CIERRA reduce using rule 17 (expresion -> GLP .)
    PARENTESIS_FLUIDO_CIERRA reduce using rule 17 (expresion -> GLP .)


state 19

    (18) expresion -> GLQ .

    SUMA            reduce using rule 18 (expresion -> GLQ .)
    RESTA           reduce using rule 18 (expresion -> GLQ .)
    MULTIPLICACION  reduce using rule 18 (expresion -> GLQ .)
    DIVISION        reduce using rule 18 (expresion -> GLQ .)
    APROXIMACION    reduce using rule 18 (expresion -> GLQ .)
    FUSION          reduce using rule 18 (expresion -> GLQ .)
    COLISION        reduce using rule 18 (expresion -> GLQ .)
    INTERCAMBIO     reduce using rule 18 (expresion -> GLQ .)
    POTENCIACION    reduce using rule 18 (expresion -> GLQ .)
    ATENUACION      reduce using rule 18 (expresion -> GLQ .)
    RESULTADO       reduce using rule 18 (expresion -> GLQ .)
    FLUJO_ORIENTADO reduce using rule 18 (expresion -> GLQ .)
    OR_LOGICO       reduce using rule 18 (expresion -> GLQ .)
    AND_LOGICO      reduce using rule 18 (expresion -> GLQ .)
    $end            reduce using rule 18 (expresion -> GLQ .)
    PARENTESIS_FUERTE_CIERRA reduce using rule 18 (expresion -> GLQ .)
    PARENTESIS_FLUIDO_CIERRA reduce using rule 18 (expresion -> GLQ .)


state 20

    (19) expresion -> GLR .

    SUMA            reduce using rule 19 (expresion -> GLR .)
    RESTA           reduce using rule 19 (expresion -> GLR .)
    MULTIPLICACION  reduce using rule 19 (expresion -> GLR .)
    DIVISION        reduce using rule 19 (expresion -> GLR .)
    APROXIMACION    reduce using rule 19 (expresion -> GLR .)
    FUSION          reduce using rule 19 (expresion -> GLR .)
    COLISION        reduce using rule 19 (expresion -> GLR .)
    INTERCAMBIO     reduce using rule 19 (expresion -> GLR .)
    POTENCIACION    reduce using rule 19 (expresion -> GLR .)
    ATENUACION      reduce using rule 19 (expresion -> GLR .)
    RESULTADO       reduce using rule 19 (expresion -> GLR .)
    FLUJO_ORIENTADO reduce using rule 19 (expresion -> GLR .)
    OR_LOGICO       reduce using rule 19 (expresion -> GLR .)
    AND_LOGICO      reduce using rule 19 (expresion -> GLR .)
    $end            reduce using rule 19 (expresion -> GLR .)
    PARENTESIS_FUERTE_CIERRA reduce using rule 19 (expresion -> GLR .)
    PARENTESIS_FLUIDO_CIERRA reduce using rule 19 (expresion -> GLR .)


state 21

    (20) expresion -> GLS .

    SUMA            reduce using rule 20 (expresion -> GLS .)
    RESTA           reduce using rule 20 (expresion -> GLS .)
    MULTIPLICACION  reduce using rule 20 (expresion -> GLS .)
    DIVISION        reduce using rule 20 (expresion -> GLS .)
    APROXIMACION    reduce using rule 20 (expresion -> GLS .)
    FUSION          reduce using rule 20 (expresion -> GLS .)
    COLISION        reduce using rule 20 (expresion -> GLS .)
    INTERCAMBIO     reduce using rule 20 (expresion -> GLS .)
    POTENCIACION    reduce using rule 20 (expresion -> GLS .)
    ATENUACION      reduce using rule 20 (expresion -> GLS .)
    RESULTADO       reduce using rule 20 (expresion -> GLS .)
    FLUJO_ORIENTADO reduce using rule 20 (expresion -> GLS .)
    OR_LOGICO       reduce using rule 20 (expresion -> GLS .)
    AND_LOGICO      reduce using rule 20 (expresion -> GLS .)
    $end            reduce using rule 20 (expresion -> GLS .)
    PARENTESIS_FUERTE_CIERRA reduce using rule 20 (expresion -> GLS .)
    PARENTESIS_FLUIDO_CIERRA reduce using rule 20 (expresion -> GLS .)


state 22

    (21) expresion -> GLT .

    SUMA            reduce using rule 21 (expresion -> GLT .)
    RESTA           reduce using rule 21 (expresion -> GLT .)
    MULTIPLICACION  reduce using rule 21 (expresion -> GLT .)
    DIVISION        reduce using rule 21 (expresion -> GLT .)
    APROXIMACION    reduce using rule 21 (expresion -> GLT .)
    FUSION          reduce using rule 21 (expresion -> GLT .)
    COLISION        reduce using rule 21 (expresion -> GLT .)
    INTERCAMBIO     reduce using rule 21 (expresion -> GLT .)
    POTENCIACION    reduce using rule 21 (expresion -> GLT .)
    ATENUACION      reduce using rule 21 (expresion -> GLT .)
    RESULTADO       reduce using rule 21 (expresion -> GLT .)
    FLUJO_ORIENTADO reduce using rule 21 (expresion -> GLT .)
    OR_LOGICO       reduce using rule 21 (expresion -> GLT .)
    AND_LOGICO      reduce using rule 21 (expresion -> GLT .)
    $end            reduce using rule 21 (expresion -> GLT .)
    PARENTESIS_FUERTE_CIERRA reduce using rule 21 (expresion -> GLT .)
    PARENTESIS_FLUIDO_CIERRA reduce using rule 21 (expresion -> GLT .)


state 23

    (22) expresion -> GLU .

    SUMA            reduce using rule 22 (expresion -> GLU .)
    RESTA           reduce using rule 22 (expresion -> GLU .)
    MULTIPLICACION  reduce using rule 22 (expresion -> GLU .)
    DIVISION        reduce using rule 22 (expresion -> GLU .)
    APROXIMACION    reduce using rule 22 (expresion -> GLU .)
    FUSION          reduce using rule 22 (expresion -> GLU .)
    COLISION        reduce using rule 22 (expresion -> GLU .)
    INTERCAMBIO     reduce using rule 22 (expresion -> GLU .)
    POTENCIACION    reduce using rule 22 (expresion -> GLU .)
    ATENUACION      reduce using rule 22 (expresion -> GLU .)
    RESULTADO       reduce using rule 22 (expresion -> GLU .)
    FLUJO_ORIENTADO reduce using rule 22 (expresion -> GLU .)
    OR_LOGICO       reduce using rule 22 (expresion -> GLU .)
    AND_LOGICO      reduce using rule 22 (expresion -> GLU .)
    $end            reduce using rule 22 (expresion -> GLU .)
    PARENTESIS_FUERTE_CIERRA reduce using rule 22 (expresion -> GLU .)
    PARENTESIS_FLUIDO_CIERRA reduce using rule 22 (expresion -> GLU .)


state 24

    (23) expresion -> GLV .

    SUMA            reduce using rule 23 (expresion -> GLV .)
    RESTA           reduce using rule 23 (expresion -> GLV .)
    MULTIPLICACION  reduce using rule 23 (expresion -> GLV .)
    DIVISION        reduce using rule 23 (expresion -> GLV .)
    APROXIMACION    reduce using rule 23 (expresion -> GLV .)
    FUSION          reduce using rule 23 (expresion -> GLV .)
    COLISION        reduce using rule 23 (expresion -> GLV .)
    INTERCAMBIO     reduce using rule 23 (expresion -> GLV .)
    POTENCIACION    reduce using rule 23 (expresion -> GLV .)
    ATENUACION      reduce using rule 23 (expresion -> GLV .)
    RESULTADO       reduce using rule 23 (expresion -> GLV .)
    FLUJO_ORIENTADO reduce using rule 23 (expresion -> GLV .)
    OR_LOGICO       reduce using rule 23 (expresion -> GLV .)
    AND_LOGICO      reduce using rule 23 (expresion -> GLV .)
    $end            reduce using rule 23 (expresion -> GLV .)
    PARENTESIS_FUERTE_CIERRA reduce using rule 23 (expresion -> GLV .)
    PARENTESIS_FLUIDO_CIERRA reduce using rule 23 (expresion -> GLV .)


state 25

    (24) expresion -> GLW .

    SUMA            reduce using rule 24 (expresion -> GLW .)
    RESTA           reduce using rule 24 (expresion -> GLW .)
    MULTIPLICACION  reduce using rule 24 (expresion -> GLW .)
    DIVISION        reduce using rule 24 (expresion -> GLW .)
    APROXIMACION    reduce using rule 24 (expresion -> GLW .)
    FUSION          reduce using rule 24 (expresion -> GLW .)
    COLISION        reduce using rule 24 (expresion -> GLW .)
    INTERCAMBIO     reduce using rule 24 (expresion -> GLW .)
    POTENCIACION    reduce using rule 24 (expresion -> GLW .)
    ATENUACION      reduce using rule 24 (expresion -> GLW .)
    RESULTADO       reduce using rule 24 (expresion -> GLW .)
    FLUJO_ORIENTADO reduce using rule 24 (expresion -> GLW .)
    OR_LOGICO       reduce using rule 24 (expresion -> GLW .)
    AND_LOGICO      reduce using rule 24 (expresion -> GLW .)
    $end            reduce using rule 24 (expresion -> GLW .)
    PARENTESIS_FUERTE_CIERRA reduce using rule 24 (expresion -> GLW .)
    PARENTESIS_FLUIDO_CIERRA reduce using rule 24 (expresion -> GLW .)


state 26

    (25) expresion -> GLX .

    SUMA            reduce using rule 25 (expresion -> GLX .)
    RESTA           reduce using rule 25 (expresion -> GLX .)
    MULTIPLICACION  reduce using rule 25 (expresion -> GLX .)
    DIVISION        reduce using rule 25 (expresion -> GLX .)
    APROXIMACION    reduce using rule 25 (expresion -> GLX .)
    FUSION          reduce using rule 25 (expresion -> GLX .)
    COLISION        reduce using rule 25 (expresion -> GLX .)
    INTERCAMBIO     reduce using rule 25 (expresion -> GLX .)
    POTENCIACION    reduce using rule 25 (expresion -> GLX .)
    ATENUACION      reduce using rule 25 (expresion -> GLX .)
    RESULTADO       reduce using rule 25 (expresion -> GLX .)
    FLUJO_ORIENTADO reduce using rule 25 (expresion -> GLX .)
    OR_LOGICO       reduce using rule 25 (expresion -> GLX .)
    AND_LOGICO      reduce using rule 25 (expresion -> GLX .)
    $end            reduce using rule 25 (expresion -> GLX .)
    PARENTESIS_FUERTE_CIERRA reduce using rule 25 (expresion -> GLX .)
    PARENTESIS_FLUIDO_CIERRA reduce using rule 25 (expresion -> GLX .)


state 27

    (26) expresion -> GLY .

    SUMA            reduce using rule 26 (expresion -> GLY .)
    RESTA           reduce using rule 26 (expresion -> GLY .)
    MULTIPLICACION  reduce using rule 26 (expresion -> GLY .)
    DIVISION        reduce using rule 26 (expresion -> GLY .)
    APROXIMACION    reduce using rule 26 (expresion -> GLY .)
    FUSION          reduce using rule 26 (expresion -> GLY .)
    COLISION        reduce using rule 26 (expresion -> GLY .)
    INTERCAMBIO     reduce using rule 26 (expresion -> GLY .)
    POTENCIACION    reduce using rule 26 (expresion -> GLY .)
    ATENUACION      reduce using rule 26 (expresion -> GLY .)
    RESULTADO       reduce using rule 26 (expresion -> GLY .)
    FLUJO_ORIENTADO reduce using rule 26 (expresion -> GLY .)
    OR_LOGICO       reduce using rule 26 (expresion -> GLY .)
    AND_LOGICO      reduce using rule 26 (expresion -> GLY .)
    $end            reduce using rule 26 (expresion -> GLY .)
    PARENTESIS_FUERTE_CIERRA reduce using rule 26 (expresion -> GLY .)
    PARENTESIS_FLUIDO_CIERRA reduce using rule 26 (expresion -> GLY .)


state 28

    (27) expresion -> GLZ .

    SUMA            reduce using rule 27 (expresion -> GLZ .)
    RESTA           reduce using rule 27 (expresion -> GLZ .)
    MULTIPLICACION  reduce using rule 27 (expresion -> GLZ .)
    DIVISION        reduce using rule 27 (expresion -> GLZ .)
    APROXIMACION    reduce using rule 27 (expresion -> GLZ .)
    FUSION          reduce using rule 27 (expresion -> GLZ .)
    COLISION        reduce using rule 27 (expresion -> GLZ .)
    INTERCAMBIO     reduce using rule 27 (expresion -> GLZ .)
    POTENCIACION    reduce using rule 27 (expresion -> GLZ .)
    ATENUACION      reduce using rule 27 (expresion -> GLZ .)
    RESULTADO       reduce using rule 27 (expresion -> GLZ .)
    FLUJO_ORIENTADO reduce using rule 27 (expresion -> GLZ .)
    OR_LOGICO       reduce using rule 27 (expresion -> GLZ .)
    AND_LOGICO      reduce using rule 27 (expresion -> GLZ .)
    $end            reduce using rule 27 (expresion -> GLZ .)
    PARENTESIS_FUERTE_CIERRA reduce using rule 27 (expresion -> GLZ .)
    PARENTESIS_FLUIDO_CIERRA reduce using rule 27 (expresion -> GLZ .)


state 29

    (28) expresion -> GL1 .

    SUMA            reduce using rule 28 (expresion -> GL1 .)
    RESTA           reduce using rule 28 (expresion -> GL1 .)
    MULTIPLICACION  reduce using rule 28 (expresion -> GL1 .)
    DIVISION        reduce using rule 28 (expresion -> GL1 .)
    APROXIMACION    reduce using rule 28 (expresion -> GL1 .)
    FUSION          reduce using rule 28 (expresion -> GL1 .)
    COLISION        reduce using rule 28 (expresion -> GL1 .)
    INTERCAMBIO     reduce using rule 28 (expresion -> GL1 .)
    POTENCIACION    reduce using rule 28 (expresion -> GL1 .)
    ATENUACION      reduce using rule 28 (expresion -> GL1 .)
    RESULTADO       reduce using rule 28 (expresion -> GL1 .)
    FLUJO_ORIENTADO reduce using rule 28 (expresion -> GL1 .)
    OR_LOGICO       reduce using rule 28 (expresion -> GL1 .)
    AND_LOGICO      reduce using rule 28 (expresion -> GL1 .)
    $end            reduce using rule 28 (expresion -> GL1 .)
    PARENTESIS_FUERTE_CIERRA reduce using rule 28 (expresion -> GL1 .)
    PARENTESIS_FLUIDO_CIERRA reduce using rule 28 (expresion -> GL1 .)


state 30

    (29) expresion -> GL2 .

    SUMA            reduce using rule 29 (expresion -> GL2 .)
    RESTA           reduce using rule 29 (expresion -> GL2 .)
    MULTIPLICACION  reduce using rule 29 (expresion -> GL2 .)
    DIVISION        reduce using rule 29 (expresion -> GL2 .)
    APROXIMACION    reduce using rule 29 (expresion -> GL2 .)
    FUSION          reduce using rule 29 (expresion -> GL2 .)
    COLISION        reduce using rule 29 (expresion -> GL2 .)
    INTERCAMBIO     reduce using rule 29 (expresion -> GL2 .)
    POTENCIACION    reduce using rule 29 (expresion -> GL2 .)
    ATENUACION      reduce using rule 29 (expresion -> GL2 .)
    RESULTADO       reduce using rule 29 (expresion -> GL2 .)
    FLUJO_ORIENTADO reduce using rule 29 (expresion -> GL2 .)
    OR_LOGICO       reduce using rule 29 (expresion -> GL2 .)
    AND_LOGICO      reduce using rule 29 (expresion -> GL2 .)
    $end            reduce using rule 29 (expresion -> GL2 .)
    PARENTESIS_FUERTE_CIERRA reduce using rule 29 (expresion -> GL2 .)
    PARENTESIS_FLUIDO_CIERRA reduce using rule 29 (expresion -> GL2 .)


state 31

    (30) expresion -> GL3 .

    SUMA            reduce using rule 30 (expresion -> GL3 .)
    RESTA           reduce using rule 30 (expresion -> GL3 .)
    MULTIPLICACION  reduce using rule 30 (expresion -> GL3 .)
    DIVISION        reduce using rule 30 (expresion -> GL3 .)
    APROXIMACION    reduce using rule 30 (expresion -> GL3 .)
    FUSION          reduce using rule 30 (expresion -> GL3 .)
    COLISION        reduce using rule 30 (expresion -> GL3 .)
    INTERCAMBIO     reduce using rule 30 (expresion -> GL3 .)
    POTENCIACION    reduce using rule 30 (expresion -> GL3 .)
    ATENUACION      reduce using rule 30 (expresion -> GL3 .)
    RESULTADO       reduce using rule 30 (expresion -> GL3 .)
    FLUJO_ORIENTADO reduce using rule 30 (expresion -> GL3 .)
    OR_LOGICO       reduce using rule 30 (expresion -> GL3 .)
    AND_LOGICO      reduce using rule 30 (expresion -> GL3 .)
    $end            reduce using rule 30 (expresion -> GL3 .)
    PARENTESIS_FUERTE_CIERRA reduce using rule 30 (expresion -> GL3 .)
    PARENTESIS_FLUIDO_CIERRA reduce using rule 30 (expresion -> GL3 .)


state 32

    (31) expresion -> GL4 .

    SUMA            reduce using rule 31 (expresion -> GL4 .)
    RESTA           reduce using rule 31 (expresion -> GL4 .)
    MULTIPLICACION  reduce using rule 31 (expresion -> GL4 .)
    DIVISION        reduce using rule 31 (expresion -> GL4 .)
    APROXIMACION    reduce using rule 31 (expresion -> GL4 .)
    FUSION          reduce using rule 31 (expresion -> GL4 .)
    COLISION        reduce using rule 31 (expresion -> GL4 .)
    INTERCAMBIO     reduce using rule 31 (expresion -> GL4 .)
    POTENCIACION    reduce using rule 31 (expresion -> GL4 .)
    ATENUACION      reduce using rule 31 (expresion -> GL4 .)
    RESULTADO       reduce using rule 31 (expresion -> GL4 .)
    FLUJO_ORIENTADO reduce using rule 31 (expresion -> GL4 .)
    OR_LOGICO       reduce using rule 31 (expresion -> GL4 .)
    AND_LOGICO      reduce using rule 31 (expresion -> GL4 .)
    $end            reduce using rule 31 (expresion -> GL4 .)
    PARENTESIS_FUERTE_CIERRA reduce using rule 31 (expresion -> GL4 .)
    PARENTESIS_FLUIDO_CIERRA reduce using rule 31 (expresion -> GL4 .)


state 33

    (32) expresion -> GL5 .

    SUMA            reduce using rule 32 (expresion -> GL5 .)
    RESTA           reduce using rule 32 (expresion -> GL5 .)
    MULTIPLICACION  reduce using rule 32 (expresion -> GL5 .)
    DIVISION        reduce using rule 32 (expresion -> GL5 .)
    APROXIMACION    reduce using rule 32 (expresion -> GL5 .)
    FUSION          reduce using rule 32 (expresion -> GL5 .)
    COLISION        reduce using rule 32 (expresion -> GL5 .)
    INTERCAMBIO     reduce using rule 32 (expresion -> GL5 .)
    POTENCIACION    reduce using rule 32 (expresion -> GL5 .)
    ATENUACION      reduce using rule 32 (expresion -> GL5 .)
    RESULTADO       reduce using rule 32 (expresion -> GL5 .)
    FLUJO_ORIENTADO reduce using rule 32 (expresion -> GL5 .)
    OR_LOGICO       reduce using rule 32 (expresion -> GL5 .)
    AND_LOGICO      reduce using rule 32 (expresion -> GL5 .)
    $end            reduce using rule 32 (expresion -> GL5 .)
    PARENTESIS_FUERTE_CIERRA reduce using rule 32 (expresion -> GL5 .)
    PARENTESIS_FLUIDO_CIERRA reduce using rule 32 (expresion -> GL5 .)


state 34

    (33) expresion -> GL6 .

    SUMA            reduce using rule 33 (expresion -> GL6 .)
    RESTA           reduce using rule 33 (expresion -> GL6 .)
    MULTIPLICACION  reduce using rule 33 (expresion -> GL6 .)
    DIVISION        reduce using rule 33 (expresion -> GL6 .)
    APROXIMACION    reduce using rule 33 (expresion -> GL6 .)
    FUSION          reduce using rule 33 (expresion -> GL6 .)
    COLISION        reduce using rule 33 (expresion -> GL6 .)
    INTERCAMBIO     reduce using rule 33 (expresion -> GL6 .)
    POTENCIACION    reduce using rule 33 (expresion -> GL6 .)
    ATENUACION      reduce using rule 33 (expresion -> GL6 .)
    RESULTADO       reduce using rule 33 (expresion -> GL6 .)
    FLUJO_ORIENTADO reduce using rule 33 (expresion -> GL6 .)
    OR_LOGICO       reduce using rule 33 (expresion -> GL6 .)
    AND_LOGICO      reduce using rule 33 (expresion -> GL6 .)
    $end            reduce using rule 33 (expresion -> GL6 .)
    PARENTESIS_FUERTE_CIERRA reduce using rule 33 (expresion -> GL6 .)
    PARENTESIS_FLUIDO_CIERRA reduce using rule 33 (expresion -> GL6 .)


state 35

    (34) expresion -> GL7 .

    SUMA            reduce using rule 34 (expresion -> GL7 .)
    RESTA           reduce using rule 34 (expresion -> GL7 .)
    MULTIPLICACION  reduce using rule 34 (expresion -> GL7 .)
    DIVISION        reduce using rule 34 (expresion -> GL7 .)
    APROXIMACION    reduce using rule 34 (expresion -> GL7 .)
    FUSION          reduce using rule 34 (expresion -> GL7 .)
    COLISION        reduce using rule 34 (expresion -> GL7 .)
    INTERCAMBIO     reduce using rule 34 (expresion -> GL7 .)
    POTENCIACION    reduce using rule 34 (expresion -> GL7 .)
    ATENUACION      reduce using rule 34 (expresion -> GL7 .)
    RESULTADO       reduce using rule 34 (expresion -> GL7 .)
    FLUJO_ORIENTADO reduce using rule 34 (expresion -> GL7 .)
    OR_LOGICO       reduce using rule 34 (expresion -> GL7 .)
    AND_LOGICO      reduce using rule 34 (expresion -> GL7 .)
    $end            reduce using rule 34 (expresion -> GL7 .)
    PARENTESIS_FUERTE_CIERRA reduce using rule 34 (expresion -> GL7 .)
    PARENTESIS_FLUIDO_CIERRA reduce using rule 34 (expresion -> GL7 .)


state 36

    (35) expresion -> GL8 .

    SUMA            reduce using rule 35 (expresion -> GL8 .)
    RESTA           reduce using rule 35 (expresion -> GL8 .)
    MULTIPLICACION  reduce using rule 35 (expresion -> GL8 .)
    DIVISION        reduce using rule 35 (expresion -> GL8 .)
    APROXIMACION    reduce using rule 35 (expresion -> GL8 .)
    FUSION          reduce using rule 35 (expresion -> GL8 .)
    COLISION        reduce using rule 35 (expresion -> GL8 .)
    INTERCAMBIO     reduce using rule 35 (expresion -> GL8 .)
    POTENCIACION    reduce using rule 35 (expresion -> GL8 .)
    ATENUACION      reduce using rule 35 (expresion -> GL8 .)
    RESULTADO       reduce using rule 35 (expresion -> GL8 .)
    FLUJO_ORIENTADO reduce using rule 35 (expresion -> GL8 .)
    OR_LOGICO       reduce using rule 35 (expresion -> GL8 .)
    AND_LOGICO      reduce using rule 35 (expresion -> GL8 .)
    $end            reduce using rule 35 (expresion -> GL8 .)
    PARENTESIS_FUERTE_CIERRA reduce using rule 35 (expresion -> GL8 .)
    PARENTESIS_FLUIDO_CIERRA reduce using rule 35 (expresion -> GL8 .)


state 37

    (36) expresion -> GL9 .

    SUMA            reduce using rule 36 (expresion -> GL9 .)
    RESTA           reduce using rule 36 (expresion -> GL9 .)
    MULTIPLICACION  reduce using rule 36 (expresion -> GL9 .)
    DIVISION        reduce using rule 36 (expresion -> GL9 .)
    APROXIMACION    reduce using rule 36 (expresion -> GL9 .)
    FUSION          reduce using rule 36 (expresion -> GL9 .)
    COLISION        reduce using rule 36 (expresion -> GL9 .)
    INTERCAMBIO     reduce using rule 36 (expresion -> GL9 .)
    POTENCIACION    reduce using rule 36 (expresion -> GL9 .)
    ATENUACION      reduce using rule 36 (expresion -> GL9 .)
    RESULTADO       reduce using rule 36 (expresion -> GL9 .)
    FLUJO_ORIENTADO reduce using rule 36 (expresion -> GL9 .)
    OR_LOGICO       reduce using rule 36 (expresion -> GL9 .)
    AND_LOGICO      reduce using rule 36 (expresion -> GL9 .)
    $end            reduce using rule 36 (expresion -> GL9 .)
    PARENTESIS_FUERTE_CIERRA reduce using rule 36 (expresion -> GL9 .)
    PARENTESIS_FLUIDO_CIERRA reduce using rule 36 (expresion -> GL9 .)


state 38

    (37) expresion -> GL10 .

    SUMA            reduce using rule 37 (expresion -> GL10 .)
    RESTA           reduce using rule 37 (expresion -> GL10 .)
    MULTIPLICACION  reduce using rule 37 (expresion -> GL10 .)
    DIVISION        reduce using rule 37 (expresion -> GL10 .)
    APROXIMACION    reduce using rule 37 (expresion -> GL10 .)
    FUSION          reduce using rule 37 (expresion -> GL10 .)
    COLISION        reduce using rule 37 (expresion -> GL10 .)
    INTERCAMBIO     reduce using rule 37 (expresion -> GL10 .)
    POTENCIACION    reduce using rule 37 (expresion -> GL10 .)
    ATENUACION      reduce using rule 37 (expresion -> GL10 .)
    RESULTADO       reduce using rule 37 (expresion -> GL10 .)
    FLUJO_ORIENTADO reduce using rule 37 (expresion -> GL10 .)
    OR_LOGICO       reduce using rule 37 (expresion -> GL10 .)
    AND_LOGICO      reduce using rule 37 (expresion -> GL10 .)
    $end            reduce using rule 37 (expresion -> GL10 .)
    PARENTESIS_FUERTE_CIERRA reduce using rule 37 (expresion -> GL10 .)
    PARENTESIS_FLUIDO_CIERRA reduce using rule 37 (expresion -> GL10 .)


state 39

    (38) expresion -> GL11 .

    SUMA            reduce using rule 38 (expresion -> GL11 .)
    RESTA           reduce using rule 38 (expresion -> GL11 .)
    MULTIPLICACION  reduce using rule 38 (expresion -> GL11 .)
    DIVISION        reduce using rule 38 (expresion -> GL11 .)
    APROXIMACION    reduce using rule 38 (expresion -> GL11 .)
    FUSION          reduce using rule 38 (expresion -> GL11 .)
    COLISION        reduce using rule 38 (expresion -> GL11 .)
    INTERCAMBIO     reduce using rule 38 (expresion -> GL11 .)
    POTENCIACION    reduce using rule 38 (expresion -> GL11 .)
    ATENUACION      reduce using rule 38 (expresion -> GL11 .)
    RESULTADO       reduce using rule 38 (expresion -> GL11 .)
    FLUJO_ORIENTADO reduce using rule 38 (expresion -> GL11 .)
    OR_LOGICO       reduce using rule 38 (expresion -> GL11 .)
    AND_LOGICO      reduce using rule 38 (expresion -> GL11 .)
    $end            reduce using rule 38 (expresion -> GL11 .)
    PARENTESIS_FUERTE_CIERRA reduce using rule 38 (expresion -> GL11 .)
    PARENTESIS_FLUIDO_CIERRA reduce using rule 38 (expresion -> GL11 .)


state 40

    (39) expresion -> GL12 .

    SUMA            reduce using rule 39 (expresion -> GL12 .)
    RESTA           reduce using rule 39 (expresion -> GL12 .)
    MULTIPLICACION  reduce using rule 39 (expresion -> GL12 .)
    DIVISION        reduce using rule 39 (expresion -> GL12 .)
    APROXIMACION    reduce using rule 39 (expresion -> GL12 .)
    FUSION          reduce using rule 39 (expresion -> GL12 .)
    COLISION        reduce using rule 39 (expresion -> GL12 .)
    INTERCAMBIO     reduce using rule 39 (expresion -> GL12 .)
    POTENCIACION    reduce using rule 39 (expresion -> GL12 .)
    ATENUACION      reduce using rule 39 (expresion -> GL12 .)
    RESULTADO       reduce using rule 39 (expresion -> GL12 .)
    FLUJO_ORIENTADO reduce using rule 39 (expresion -> GL12 .)
    OR_LOGICO       reduce using rule 39 (expresion -> GL12 .)
    AND_LOGICO      reduce using rule 39 (expresion -> GL12 .)
    $end            reduce using rule 39 (expresion -> GL12 .)
    PARENTESIS_FUERTE_CIERRA reduce using rule 39 (expresion -> GL12 .)
    PARENTESIS_FLUIDO_CIERRA reduce using rule 39 (expresion -> GL12 .)


state 41

    (40) expresion -> GL13 .

    SUMA            reduce using rule 40 (expresion -> GL13 .)
    RESTA           reduce using rule 40 (expresion -> GL13 .)
    MULTIPLICACION  reduce using rule 40 (expresion -> GL13 .)
    DIVISION        reduce using rule 40 (expresion -> GL13 .)
    APROXIMACION    reduce using rule 40 (expresion -> GL13 .)
    FUSION          reduce using rule 40 (expresion -> GL13 .)
    COLISION        reduce using rule 40 (expresion -> GL13 .)
    INTERCAMBIO     reduce using rule 40 (expresion -> GL13 .)
    POTENCIACION    reduce using rule 40 (expresion -> GL13 .)
    ATENUACION      reduce using rule 40 (expresion -> GL13 .)
    RESULTADO       reduce using rule 40 (expresion -> GL13 .)
    FLUJO_ORIENTADO reduce using rule 40 (expresion -> GL13 .)
    OR_LOGICO       reduce using rule 40 (expresion -> GL13 .)
    AND_LOGICO      reduce using rule 40 (expresion -> GL13 .)
    $end            reduce using rule 40 (expresion -> GL13 .)
    PARENTESIS_FUERTE_CIERRA reduce using rule 40 (expresion -> GL13 .)
    PARENTESIS_FLUIDO_CIERRA reduce using rule 40 (expresion -> GL13 .)


state 42

    (41) expresion -> GL14 .

    SUMA            reduce using rule 41 (expresion -> GL14 .)
    RESTA           reduce using rule 41 (expresion -> GL14 .)
    MULTIPLICACION  reduce using rule 41 (expresion -> GL14 .)
    DIVISION        reduce using rule 41 (expresion -> GL14 .)
    APROXIMACION    reduce using rule 41 (expresion -> GL14 .)
    FUSION          reduce using rule 41 (expresion -> GL14 .)
    COLISION        reduce using rule 41 (expresion -> GL14 .)
    INTERCAMBIO     reduce using rule 41 (expresion -> GL14 .)
    POTENCIACION    reduce using rule 41 (expresion -> GL14 .)
    ATENUACION      reduce using rule 41 (expresion -> GL14 .)
    RESULTADO       reduce using rule 41 (expresion -> GL14 .)
    FLUJO_ORIENTADO reduce using rule 41 (expresion -> GL14 .)
    OR_LOGICO       reduce using rule 41 (expresion -> GL14 .)
    AND_LOGICO      reduce using rule 41 (expresion -> GL14 .)
    $end            reduce using rule 41 (expresion -> GL14 .)
    PARENTESIS_FUERTE_CIERRA reduce using rule 41 (expresion -> GL14 .)
    PARENTESIS_FLUIDO_CIERRA reduce using rule 41 (expresion -> GL14 .)


state 43

    (42) expresion -> REFLEXIVO_INICIO .

    SUMA            reduce using rule 42 (expresion -> REFLEXIVO_INICIO .)
    RESTA           reduce using rule 42 (expresion -> REFLEXIVO_INICIO .)
    MULTIPLICACION  reduce using rule 42 (expresion -> REFLEXIVO_INICIO .)
    DIVISION        reduce using rule 42 (expresion -> REFLEXIVO_INICIO .)
    APROXIMACION    reduce using rule 42 (expresion -> REFLEXIVO_INICIO .)
    FUSION          reduce using rule 42 (expresion -> REFLEXIVO_INICIO .)
    COLISION        reduce using rule 42 (expresion -> REFLEXIVO_INICIO .)
    INTERCAMBIO     reduce using rule 42 (expresion -> REFLEXIVO_INICIO .)
    POTENCIACION    reduce using rule 42 (expresion -> REFLEXIVO_INICIO .)
    ATENUACION      reduce using rule 42 (expresion -> REFLEXIVO_INICIO .)
    RESULTADO       reduce using rule 42 (expresion -> REFLEXIVO_INICIO .)
    FLUJO_ORIENTADO reduce using rule 42 (expresion -> REFLEXIVO_INICIO .)
    OR_LOGICO       reduce using rule 42 (expresion -> REFLEXIVO_INICIO .)
    AND_LOGICO      reduce using rule 42 (expresion -> REFLEXIVO_INICIO .)
    $end            reduce using rule 42 (expresion -> REFLEXIVO_INICIO .)
    PARENTESIS_FUERTE_CIERRA reduce using rule 42 (expresion -> REFLEXIVO_INICIO .)
    PARENTESIS_FLUIDO_CIERRA reduce using rule 42 (expresion -> REFLEXIVO_INICIO .)


state 44

    (43) expresion -> REFLEXIVO_CLAUSURA .

    SUMA            reduce using rule 43 (expresion -> REFLEXIVO_CLAUSURA .)
    RESTA           reduce using rule 43 (expresion -> REFLEXIVO_CLAUSURA .)
    MULTIPLICACION  reduce using rule 43 (expresion -> REFLEXIVO_CLAUSURA .)
    DIVISION        reduce using rule 43 (expresion -> REFLEXIVO_CLAUSURA .)
    APROXIMACION    reduce using rule 43 (expresion -> REFLEXIVO_CLAUSURA .)
    FUSION          reduce using rule 43 (expresion -> REFLEXIVO_CLAUSURA .)
    COLISION        reduce using rule 43 (expresion -> REFLEXIVO_CLAUSURA .)
    INTERCAMBIO     reduce using rule 43 (expresion -> REFLEXIVO_CLAUSURA .)
    POTENCIACION    reduce using rule 43 (expresion -> REFLEXIVO_CLAUSURA .)
    ATENUACION      reduce using rule 43 (expresion -> REFLEXIVO_CLAUSURA .)
    RESULTADO       reduce using rule 43 (expresion -> REFLEXIVO_CLAUSURA .)
    FLUJO_ORIENTADO reduce using rule 43 (expresion -> REFLEXIVO_CLAUSURA .)
    OR_LOGICO       reduce using rule 43 (expresion -> REFLEXIVO_CLAUSURA .)
    AND_LOGICO      reduce using rule 43 (expresion -> REFLEXIVO_CLAUSURA .)
    $end            reduce using rule 43 (expresion -> REFLEXIVO_CLAUSURA .)
    PARENTESIS_FUERTE_CIERRA reduce using rule 43 (expresion -> REFLEXIVO_CLAUSURA .)
    PARENTESIS_FLUIDO_CIERRA reduce using rule 43 (expresion -> REFLEXIVO_CLAUSURA .)


state 45

    (44) expresion -> REFLEXIVO_FUEGO .

    SUMA            reduce using rule 44 (expresion -> REFLEXIVO_FUEGO .)
    RESTA           reduce using rule 44 (expresion -> REFLEXIVO_FUEGO .)
    MULTIPLICACION  reduce using rule 44 (expresion -> REFLEXIVO_FUEGO .)
    DIVISION        reduce using rule 44 (expresion -> REFLEXIVO_FUEGO .)
    APROXIMACION    reduce using rule 44 (expresion -> REFLEXIVO_FUEGO .)
    FUSION          reduce using rule 44 (expresion -> REFLEXIVO_FUEGO .)
    COLISION        reduce using rule 44 (expresion -> REFLEXIVO_FUEGO .)
    INTERCAMBIO     reduce using rule 44 (expresion -> REFLEXIVO_FUEGO .)
    POTENCIACION    reduce using rule 44 (expresion -> REFLEXIVO_FUEGO .)
    ATENUACION      reduce using rule 44 (expresion -> REFLEXIVO_FUEGO .)
    RESULTADO       reduce using rule 44 (expresion -> REFLEXIVO_FUEGO .)
    FLUJO_ORIENTADO reduce using rule 44 (expresion -> REFLEXIVO_FUEGO .)
    OR_LOGICO       reduce using rule 44 (expresion -> REFLEXIVO_FUEGO .)
    AND_LOGICO      reduce using rule 44 (expresion -> REFLEXIVO_FUEGO .)
    $end            reduce using rule 44 (expresion -> REFLEXIVO_FUEGO .)
    PARENTESIS_FUERTE_CIERRA reduce using rule 44 (expresion -> REFLEXIVO_FUEGO .)
    PARENTESIS_FLUIDO_CIERRA reduce using rule 44 (expresion -> REFLEXIVO_FUEGO .)


state 46

    (45) expresion -> REFLEXIVO_TIERRA .

    SUMA            reduce using rule 45 (expresion -> REFLEXIVO_TIERRA .)
    RESTA           reduce using rule 45 (expresion -> REFLEXIVO_TIERRA .)
    MULTIPLICACION  reduce using rule 45 (expresion -> REFLEXIVO_TIERRA .)
    DIVISION        reduce using rule 45 (expresion -> REFLEXIVO_TIERRA .)
    APROXIMACION    reduce using rule 45 (expresion -> REFLEXIVO_TIERRA .)
    FUSION          reduce using rule 45 (expresion -> REFLEXIVO_TIERRA .)
    COLISION        reduce using rule 45 (expresion -> REFLEXIVO_TIERRA .)
    INTERCAMBIO     reduce using rule 45 (expresion -> REFLEXIVO_TIERRA .)
    POTENCIACION    reduce using rule 45 (expresion -> REFLEXIVO_TIERRA .)
    ATENUACION      reduce using rule 45 (expresion -> REFLEXIVO_TIERRA .)
    RESULTADO       reduce using rule 45 (expresion -> REFLEXIVO_TIERRA .)
    FLUJO_ORIENTADO reduce using rule 45 (expresion -> REFLEXIVO_TIERRA .)
    OR_LOGICO       reduce using rule 45 (expresion -> REFLEXIVO_TIERRA .)
    AND_LOGICO      reduce using rule 45 (expresion -> REFLEXIVO_TIERRA .)
    $end            reduce using rule 45 (expresion -> REFLEXIVO_TIERRA .)
    PARENTESIS_FUERTE_CIERRA reduce using rule 45 (expresion -> REFLEXIVO_TIERRA .)
    PARENTESIS_FLUIDO_CIERRA reduce using rule 45 (expresion -> REFLEXIVO_TIERRA .)


state 47

    (46) expresion -> REFLEXIVO_LLAVE1 .

    SUMA            reduce using rule 46 (expresion -> REFLEXIVO_LLAVE1 .)
    RESTA           reduce using rule 46 (expresion -> REFLEXIVO_LLAVE1 .)
    MULTIPLICACION  reduce using rule 46 (expresion -> REFLEXIVO_LLAVE1 .)
    DIVISION        reduce using rule 46 (expresion -> REFLEXIVO_LLAVE1 .)
    APROXIMACION    reduce using rule 46 (expresion -> REFLEXIVO_LLAVE1 .)
    FUSION          reduce using rule 46 (expresion -> REFLEXIVO_LLAVE1 .)
    COLISION        reduce using rule 46 (expresion -> REFLEXIVO_LLAVE1 .)
    INTERCAMBIO     reduce using rule 46 (expresion -> REFLEXIVO_LLAVE1 .)
    POTENCIACION    reduce using rule 46 (expresion -> REFLEXIVO_LLAVE1 .)
    ATENUACION      reduce using rule 46 (expresion -> REFLEXIVO_LLAVE1 .)
    RESULTADO       reduce using rule 46 (expresion -> REFLEXIVO_LLAVE1 .)
    FLUJO_ORIENTADO reduce using rule 46 (expresion -> REFLEXIVO_LLAVE1 .)
    OR_LOGICO       reduce using rule 46 (expresion -> REFLEXIVO_LLAVE1 .)
    AND_LOGICO      reduce using rule 46 (expresion -> REFLEXIVO_LLAVE1 .)
    $end            reduce using rule 46 (expresion -> REFLEXIVO_LLAVE1 .)
    PARENTESIS_FUERTE_CIERRA reduce using rule 46 (expresion -> REFLEXIVO_LLAVE1 .)
    PARENTESIS_FLUIDO_CIERRA reduce using rule 46 (expresion -> REFLEXIVO_LLAVE1 .)


state 48

    (47) expresion -> REFLEXIVO_LLAVE2 .

    SUMA            reduce using rule 47 (expresion -> REFLEXIVO_LLAVE2 .)
    RESTA           reduce using rule 47 (expresion -> REFLEXIVO_LLAVE2 .)
    MULTIPLICACION  reduce using rule 47 (expresion -> REFLEXIVO_LLAVE2 .)
    DIVISION        reduce using rule 47 (expresion -> REFLEXIVO_LLAVE2 .)
    APROXIMACION    reduce using rule 47 (expresion -> REFLEXIVO_LLAVE2 .)
    FUSION          reduce using rule 47 (expresion -> REFLEXIVO_LLAVE2 .)
    COLISION        reduce using rule 47 (expresion -> REFLEXIVO_LLAVE2 .)
    INTERCAMBIO     reduce using rule 47 (expresion -> REFLEXIVO_LLAVE2 .)
    POTENCIACION    reduce using rule 47 (expresion -> REFLEXIVO_LLAVE2 .)
    ATENUACION      reduce using rule 47 (expresion -> REFLEXIVO_LLAVE2 .)
    RESULTADO       reduce using rule 47 (expresion -> REFLEXIVO_LLAVE2 .)
    FLUJO_ORIENTADO reduce using rule 47 (expresion -> REFLEXIVO_LLAVE2 .)
    OR_LOGICO       reduce using rule 47 (expresion -> REFLEXIVO_LLAVE2 .)
    AND_LOGICO      reduce using rule 47 (expresion -> REFLEXIVO_LLAVE2 .)
    $end            reduce using rule 47 (expresion -> REFLEXIVO_LLAVE2 .)
    PARENTESIS_FUERTE_CIERRA reduce using rule 47 (expresion -> REFLEXIVO_LLAVE2 .)
    PARENTESIS_FLUIDO_CIERRA reduce using rule 47 (expresion -> REFLEXIVO_LLAVE2 .)


state 49

    (48) expresion -> REFLEXIVO_LLAVE3 .

    SUMA            reduce using rule 48 (expresion -> REFLEXIVO_LLAVE3 .)
    RESTA           reduce using rule 48 (expresion -> REFLEXIVO_LLAVE3 .)
    MULTIPLICACION  reduce using rule 48 (expresion -> REFLEXIVO_LLAVE3 .)
    DIVISION        reduce using rule 48 (expresion -> REFLEXIVO_LLAVE3 .)
    APROXIMACION    reduce using rule 48 (expresion -> REFLEXIVO_LLAVE3 .)
    FUSION          reduce using rule 48 (expresion -> REFLEXIVO_LLAVE3 .)
    COLISION        reduce using rule 48 (expresion -> REFLEXIVO_LLAVE3 .)
    INTERCAMBIO     reduce using rule 48 (expresion -> REFLEXIVO_LLAVE3 .)
    POTENCIACION    reduce using rule 48 (expresion -> REFLEXIVO_LLAVE3 .)
    ATENUACION      reduce using rule 48 (expresion -> REFLEXIVO_LLAVE3 .)
    RESULTADO       reduce using rule 48 (expresion -> REFLEXIVO_LLAVE3 .)
    FLUJO_ORIENTADO reduce using rule 48 (expresion -> REFLEXIVO_LLAVE3 .)
    OR_LOGICO       reduce using rule 48 (expresion -> REFLEXIVO_LLAVE3 .)
    AND_LOGICO      reduce using rule 48 (expresion -> REFLEXIVO_LLAVE3 .)
    $end            reduce using rule 48 (expresion -> REFLEXIVO_LLAVE3 .)
    PARENTESIS_FUERTE_CIERRA reduce using rule 48 (expresion -> REFLEXIVO_LLAVE3 .)
    PARENTESIS_FLUIDO_CIERRA reduce using rule 48 (expresion -> REFLEXIVO_LLAVE3 .)


state 50

    (49) expresion -> SIS_MEMORIA .

    SUMA            reduce using rule 49 (expresion -> SIS_MEMORIA .)
    RESTA           reduce using rule 49 (expresion -> SIS_MEMORIA .)
    MULTIPLICACION  reduce using rule 49 (expresion -> SIS_MEMORIA .)
    DIVISION        reduce using rule 49 (expresion -> SIS_MEMORIA .)
    APROXIMACION    reduce using rule 49 (expresion -> SIS_MEMORIA .)
    FUSION          reduce using rule 49 (expresion -> SIS_MEMORIA .)
    COLISION        reduce using rule 49 (expresion -> SIS_MEMORIA .)
    INTERCAMBIO     reduce using rule 49 (expresion -> SIS_MEMORIA .)
    POTENCIACION    reduce using rule 49 (expresion -> SIS_MEMORIA .)
    ATENUACION      reduce using rule 49 (expresion -> SIS_MEMORIA .)
    RESULTADO       reduce using rule 49 (expresion -> SIS_MEMORIA .)
    FLUJO_ORIENTADO reduce using rule 49 (expresion -> SIS_MEMORIA .)
    OR_LOGICO       reduce using rule 49 (expresion -> SIS_MEMORIA .)
    AND_LOGICO      reduce using rule 49 (expresion -> SIS_MEMORIA .)
    $end            reduce using rule 49 (expresion -> SIS_MEMORIA .)
    PARENTESIS_FUERTE_CIERRA reduce using rule 49 (expresion -> SIS_MEMORIA .)
    PARENTESIS_FLUIDO_CIERRA reduce using rule 49 (expresion -> SIS_MEMORIA .)


state 51

    (50) expresion -> SIS_CICLO .

    SUMA            reduce using rule 50 (expresion -> SIS_CICLO .)
    RESTA           reduce using rule 50 (expresion -> SIS_CICLO .)
    MULTIPLICACION  reduce using rule 50 (expresion -> SIS_CICLO .)
    DIVISION        reduce using rule 50 (expresion -> SIS_CICLO .)
    APROXIMACION    reduce using rule 50 (expresion -> SIS_CICLO .)
    FUSION          reduce using rule 50 (expresion -> SIS_CICLO .)
    COLISION        reduce using rule 50 (expresion -> SIS_CICLO .)
    INTERCAMBIO     reduce using rule 50 (expresion -> SIS_CICLO .)
    POTENCIACION    reduce using rule 50 (expresion -> SIS_CICLO .)
    ATENUACION      reduce using rule 50 (expresion -> SIS_CICLO .)
    RESULTADO       reduce using rule 50 (expresion -> SIS_CICLO .)
    FLUJO_ORIENTADO reduce using rule 50 (expresion -> SIS_CICLO .)
    OR_LOGICO       reduce using rule 50 (expresion -> SIS_CICLO .)
    AND_LOGICO      reduce using rule 50 (expresion -> SIS_CICLO .)
    $end            reduce using rule 50 (expresion -> SIS_CICLO .)
    PARENTESIS_FUERTE_CIERRA reduce using rule 50 (expresion -> SIS_CICLO .)
    PARENTESIS_FLUIDO_CIERRA reduce using rule 50 (expresion -> SIS_CICLO .)


state 52

    (51) expresion -> SIS_ENTIDAD .

    SUMA            reduce using rule 51 (expresion -> SIS_ENTIDAD .)
    RESTA           reduce using rule 51 (expresion -> SIS_ENTIDAD .)
    MULTIPLICACION  reduce using rule 51 (expresion -> SIS_ENTIDAD .)
    DIVISION        reduce using rule 51 (expresion -> SIS_ENTIDAD .)
    APROXIMACION    reduce using rule 51 (expresion -> SIS_ENTIDAD .)
    FUSION          reduce using rule 51 (expresion -> SIS_ENTIDAD .)
    COLISION        reduce using rule 51 (expresion -> SIS_ENTIDAD .)
    INTERCAMBIO     reduce using rule 51 (expresion -> SIS_ENTIDAD .)
    POTENCIACION    reduce using rule 51 (expresion -> SIS_ENTIDAD .)
    ATENUACION      reduce using rule 51 (expresion -> SIS_ENTIDAD .)
    RESULTADO       reduce using rule 51 (expresion -> SIS_ENTIDAD .)
    FLUJO_ORIENTADO reduce using rule 51 (expresion -> SIS_ENTIDAD .)
    OR_LOGICO       reduce using rule 51 (expresion -> SIS_ENTIDAD .)
    AND_LOGICO      reduce using rule 51 (expresion -> SIS_ENTIDAD .)
    $end            reduce using rule 51 (expresion -> SIS_ENTIDAD .)
    PARENTESIS_FUERTE_CIERRA reduce using rule 51 (expresion -> SIS_ENTIDAD .)
    PARENTESIS_FLUIDO_CIERRA reduce using rule 51 (expresion -> SIS_ENTIDAD .)


state 53

    (52) expresion -> SIS_DESPERTAR .

    SUMA            reduce using rule 52 (expresion -> SIS_DESPERTAR .)
    RESTA           reduce using rule 52 (expresion -> SIS_DESPERTAR .)
    MULTIPLICACION  reduce using rule 52 (expresion -> SIS_DESPERTAR .)
    DIVISION        reduce using rule 52 (expresion -> SIS_DESPERTAR .)
    APROXIMACION    reduce using rule 52 (expresion -> SIS_DESPERTAR .)
    FUSION          reduce using rule 52 (expresion -> SIS_DESPERTAR .)
    COLISION        reduce using rule 52 (expresion -> SIS_DESPERTAR .)
    INTERCAMBIO     reduce using rule 52 (expresion -> SIS_DESPERTAR .)
    POTENCIACION    reduce using rule 52 (expresion -> SIS_DESPERTAR .)
    ATENUACION      reduce using rule 52 (expresion -> SIS_DESPERTAR .)
    RESULTADO       reduce using rule 52 (expresion -> SIS_DESPERTAR .)
    FLUJO_ORIENTADO reduce using rule 52 (expresion -> SIS_DESPERTAR .)
    OR_LOGICO       reduce using rule 52 (expresion -> SIS_DESPERTAR .)
    AND_LOGICO      reduce using rule 52 (expresion -> SIS_DESPERTAR .)
    $end            reduce using rule 52 (expresion -> SIS_DESPERTAR .)
    PARENTESIS_FUERTE_CIERRA reduce using rule 52 (expresion -> SIS_DESPERTAR .)
    PARENTESIS_FLUIDO_CIERRA reduce using rule 52 (expresion -> SIS_DESPERTAR .)


state 54

    (53) expresion -> SIS_MUTANTE .

    SUMA            reduce using rule 53 (expresion -> SIS_MUTANTE .)
    RESTA           reduce using rule 53 (expresion -> SIS_MUTANTE .)
    MULTIPLICACION  reduce using rule 53 (expresion -> SIS_MUTANTE .)
    DIVISION        reduce using rule 53 (expresion -> SIS_MUTANTE .)
    APROXIMACION    reduce using rule 53 (expresion -> SIS_MUTANTE .)
    FUSION          reduce using rule 53 (expresion -> SIS_MUTANTE .)
    COLISION        reduce using rule 53 (expresion -> SIS_MUTANTE .)
    INTERCAMBIO     reduce using rule 53 (expresion -> SIS_MUTANTE .)
    POTENCIACION    reduce using rule 53 (expresion -> SIS_MUTANTE .)
    ATENUACION      reduce using rule 53 (expresion -> SIS_MUTANTE .)
    RESULTADO       reduce using rule 53 (expresion -> SIS_MUTANTE .)
    FLUJO_ORIENTADO reduce using rule 53 (expresion -> SIS_MUTANTE .)
    OR_LOGICO       reduce using rule 53 (expresion -> SIS_MUTANTE .)
    AND_LOGICO      reduce using rule 53 (expresion -> SIS_MUTANTE .)
    $end            reduce using rule 53 (expresion -> SIS_MUTANTE .)
    PARENTESIS_FUERTE_CIERRA reduce using rule 53 (expresion -> SIS_MUTANTE .)
    PARENTESIS_FLUIDO_CIERRA reduce using rule 53 (expresion -> SIS_MUTANTE .)


state 55

    (54) expresion -> INT_CONEXION .

    SUMA            reduce using rule 54 (expresion -> INT_CONEXION .)
    RESTA           reduce using rule 54 (expresion -> INT_CONEXION .)
    MULTIPLICACION  reduce using rule 54 (expresion -> INT_CONEXION .)
    DIVISION        reduce using rule 54 (expresion -> INT_CONEXION .)
    APROXIMACION    reduce using rule 54 (expresion -> INT_CONEXION .)
    FUSION          reduce using rule 54 (expresion -> INT_CONEXION .)
    COLISION        reduce using rule 54 (expresion -> INT_CONEXION .)
    INTERCAMBIO     reduce using rule 54 (expresion -> INT_CONEXION .)
    POTENCIACION    reduce using rule 54 (expresion -> INT_CONEXION .)
    ATENUACION      reduce using rule 54 (expresion -> INT_CONEXION .)
    RESULTADO       reduce using rule 54 (expresion -> INT_CONEXION .)
    FLUJO_ORIENTADO reduce using rule 54 (expresion -> INT_CONEXION .)
    OR_LOGICO       reduce using rule 54 (expresion -> INT_CONEXION .)
    AND_LOGICO      reduce using rule 54 (expresion -> INT_CONEXION .)
    $end            reduce using rule 54 (expresion -> INT_CONEXION .)
    PARENTESIS_FUERTE_CIERRA reduce using rule 54 (expresion -> INT_CONEXION .)
    PARENTESIS_FLUIDO_CIERRA reduce using rule 54 (expresion -> INT_CONEXION .)


state 56

    (55) expresion -> INT_DIALOGO .

    SUMA            reduce using rule 55 (expresion -> INT_DIALOGO .)
    RESTA           reduce using rule 55 (expresion -> INT_DIALOGO .)
    MULTIPLICACION  reduce using rule 55 (expresion -> INT_DIALOGO .)
    DIVISION        reduce using rule 55 (expresion -> INT_DIALOGO .)
    APROXIMACION    reduce using rule 55 (expresion -> INT_DIALOGO .)
    FUSION          reduce using rule 55 (expresion -> INT_DIALOGO .)
    COLISION        reduce using rule 55 (expresion -> INT_DIALOGO .)
    INTERCAMBIO     reduce using rule 55 (expresion -> INT_DIALOGO .)
    POTENCIACION    reduce using rule 55 (expresion -> INT_DIALOGO .)
    ATENUACION      reduce using rule 55 (expresion -> INT_DIALOGO .)
    RESULTADO       reduce using rule 55 (expresion -> INT_DIALOGO .)
    FLUJO_ORIENTADO reduce using rule 55 (expresion -> INT_DIALOGO .)
    OR_LOGICO       reduce using rule 55 (expresion -> INT_DIALOGO .)
    AND_LOGICO      reduce using rule 55 (expresion -> INT_DIALOGO .)
    $end            reduce using rule 55 (expresion -> INT_DIALOGO .)
    PARENTESIS_FUERTE_CIERRA reduce using rule 55 (expresion -> INT_DIALOGO .)
    PARENTESIS_FLUIDO_CIERRA reduce using rule 55 (expresion -> INT_DIALOGO .)


state 57

    (56) expresion -> INT_RUPTURA .

    SUMA            reduce using rule 56 (expresion -> INT_RUPTURA .)
    RESTA           reduce using rule 56 (expresion -> INT_RUPTURA .)
    MULTIPLICACION  reduce using rule 56 (expresion -> INT_RUPTURA .)
    DIVISION        reduce using rule 56 (expresion -> INT_RUPTURA .)
    APROXIMACION    reduce using rule 56 (expresion -> INT_RUPTURA .)
    FUSION          reduce using rule 56 (expresion -> INT_RUPTURA .)
    COLISION        reduce using rule 56 (expresion -> INT_RUPTURA .)
    INTERCAMBIO     reduce using rule 56 (expresion -> INT_RUPTURA .)
    POTENCIACION    reduce using rule 56 (expresion -> INT_RUPTURA .)
    ATENUACION      reduce using rule 56 (expresion -> INT_RUPTURA .)
    RESULTADO       reduce using rule 56 (expresion -> INT_RUPTURA .)
    FLUJO_ORIENTADO reduce using rule 56 (expresion -> INT_RUPTURA .)
    OR_LOGICO       reduce using rule 56 (expresion -> INT_RUPTURA .)
    AND_LOGICO      reduce using rule 56 (expresion -> INT_RUPTURA .)
    $end            reduce using rule 56 (expresion -> INT_RUPTURA .)
    PARENTESIS_FUERTE_CIERRA reduce using rule 56 (expresion -> INT_RUPTURA .)
    PARENTESIS_FLUIDO_CIERRA reduce using rule 56 (expresion -> INT_RUPTURA .)


state 58

    (57) expresion -> INT_NEXO .

    SUMA            reduce using rule 57 (expresion -> INT_NEXO .)
    RESTA           reduce using rule 57 (expresion -> INT_NEXO .)
    MULTIPLICACION  reduce using rule 57 (expresion -> INT_NEXO .)
    DIVISION        reduce using rule 57 (expresion -> INT_NEXO .)
    APROXIMACION    reduce using rule 57 (expresion -> INT_NEXO .)
    FUSION          reduce using rule 57 (expresion -> INT_NEXO .)
    COLISION        reduce using rule 57 (expresion -> INT_NEXO .)
    INTERCAMBIO     reduce using rule 57 (expresion -> INT_NEXO .)
    POTENCIACION    reduce using rule 57 (expresion -> INT_NEXO .)
    ATENUACION      reduce using rule 57 (expresion -> INT_NEXO .)
    RESULTADO       reduce using rule 57 (expresion -> INT_NEXO .)
    FLUJO_ORIENTADO reduce using rule 57 (expresion -> INT_NEXO .)
    OR_LOGICO       reduce using rule 57 (expresion -> INT_NEXO .)
    AND_LOGICO      reduce using rule 57 (expresion -> INT_NEXO .)
    $end            reduce using rule 57 (expresion -> INT_NEXO .)
    PARENTESIS_FUERTE_CIERRA reduce using rule 57 (expresion -> INT_NEXO .)
    PARENTESIS_FLUIDO_CIERRA reduce using rule 57 (expresion -> INT_NEXO .)


state 59

    (58) expresion -> INT_META .

    SUMA            reduce using rule 58 (expresion -> INT_META .)
    RESTA           reduce using rule 58 (expresion -> INT_META .)
    MULTIPLICACION  reduce using rule 58 (expresion -> INT_META .)
    DIVISION        reduce using rule 58 (expresion -> INT_META .)
    APROXIMACION    reduce using rule 58 (expresion -> INT_META .)
    FUSION          reduce using rule 58 (expresion -> INT_META .)
    COLISION        reduce using rule 58 (expresion -> INT_META .)
    INTERCAMBIO     reduce using rule 58 (expresion -> INT_META .)
    POTENCIACION    reduce using rule 58 (expresion -> INT_META .)
    ATENUACION      reduce using rule 58 (expresion -> INT_META .)
    RESULTADO       reduce using rule 58 (expresion -> INT_META .)
    FLUJO_ORIENTADO reduce using rule 58 (expresion -> INT_META .)
    OR_LOGICO       reduce using rule 58 (expresion -> INT_META .)
    AND_LOGICO      reduce using rule 58 (expresion -> INT_META .)
    $end            reduce using rule 58 (expresion -> INT_META .)
    PARENTESIS_FUERTE_CIERRA reduce using rule 58 (expresion -> INT_META .)
    PARENTESIS_FLUIDO_CIERRA reduce using rule 58 (expresion -> INT_META .)


state 60

    (71) expresion -> RETROACCION . expresion
    (2) expresion -> . GLA
    (3) expresion -> . GLB
    (4) expresion -> . GLC
    (5) expresion -> . GLD
    (6) expresion -> . GLE
    (7) expresion -> . GLF
    (8) expresion -> . GLG
    (9) expresion -> . GLH
    (10) expresion -> . GLI
    (11) expresion -> . GLJ
    (12) expresion -> . GLK
    (13) expresion -> . GLL
    (14) expresion -> . GLM
    (15) expresion -> . GLN
    (16) expresion -> . GLO
    (17) expresion -> . GLP
    (18) expresion -> . GLQ
    (19) expresion -> . GLR
    (20) expresion -> . GLS
    (21) expresion -> . GLT
    (22) expresion -> . GLU
    (23) expresion -> . GLV
    (24) expresion -> . GLW
    (25) expresion -> . GLX
    (26) expresion -> . GLY
    (27) expresion -> . GLZ
    (28) expresion -> . GL1
    (29) expresion -> . GL2
    (30) expresion -> . GL3
    (31) expresion -> . GL4
    (32) expresion -> . GL5
    (33) expresion -> . GL6
    (34) expresion -> . GL7
    (35) expresion -> . GL8
    (36) expresion -> . GL9
    (37) expresion -> . GL10
    (38) expresion -> . GL11
    (39) expresion -> . GL12
    (40) expresion -> . GL13
    (41) expresion -> . GL14
    (42) expresion -> . REFLEXIVO_INICIO
    (43) expresion -> . REFLEXIVO_CLAUSURA
    (44) expresion -> . REFLEXIVO_FUEGO
    (45) expresion -> . REFLEXIVO_TIERRA
    (46) expresion -> . REFLEXIVO_LLAVE1
    (47) expresion -> . REFLEXIVO_LLAVE2
    (48) expresion -> . REFLEXIVO_LLAVE3
    (49) expresion -> . SIS_MEMORIA
    (50) expresion -> . SIS_CICLO
    (51) expresion -> . SIS_ENTIDAD
    (52) expresion -> . SIS_DESPERTAR
    (53) expresion -> . SIS_MUTANTE
    (54) expresion -> . INT_CONEXION
    (55) expresion -> . INT_DIALOGO
    (56) expresion -> . INT_RUPTURA
    (57) expresion -> . INT_NEXO
    (58) expresion -> . INT_META
    (59) expresion -> . expresion SUMA expresion
    (60) expresion -> . expresion RESTA expresion
    (61) expresion -> . expresion MULTIPLICACION expresion
    (62) expresion -> . expresion DIVISION expresion
    (63) expresion -> . expresion APROXIMACION expresion
    (64) expresion -> . expresion FUSION expresion
    (65) expresion -> . expresion COLISION expresion
    (66) expresion -> . expresion INTERCAMBIO expresion
    (67) expresion -> . expresion POTENCIACION expresion
    (68) expresion -> . expresion ATENUACION expresion
    (69) expresion -> . expresion RESULTADO expresion
    (70) expresion -> . expresion FLUJO_ORIENTADO expresion
    (71) expresion -> . RETROACCION expresion
    (72) expresion -> . FLUJO_CICLICO expresion
    (73) expresion -> . TEMPORALIDAD expresion
    (74) expresion -> . PERSISTENCIA expresion
    (75) expresion -> . INSTANTANEO expresion
    (76) expresion -> . CADENCIA expresion
    (77) expresion -> . expresion OR_LOGICO expresion
    (78) expresion -> . expresion AND_LOGICO expresion
    (79) expresion -> . NOT_LOGICO expresion
    (80) expresion -> . PROBABILIDAD expresion
    (81) expresion -> . EMERGENCIA expresion
    (82) expresion -> . SUPERINDICE expresion
    (83) expresion -> . SUBINDICE expresion
    (84) expresion -> . PARENTESIS_FUERTE_ABRE expresion PARENTESIS_FUERTE_CIERRA
    (85) expresion -> . PARENTESIS_FLUIDO_ABRE expresion PARENTESIS_FLUIDO_CIERRA
    (86) expresion -> . HALT
    (87) expresion -> . PURGE
    (88) expresion -> . ISOLATE
    (89) expresion -> . AUDIT
    (90) expresion -> . KILL

    GLA             shift and go to state 3
    GLB             shift and go to state 4
    GLC             shift and go to state 5
    GLD             shift and go to state 6
    GLE             shift and go to state 7
    GLF             shift and go to state 8
    GLG             shift and go to state 9
    GLH             shift and go to state 10
    GLI             shift and go to state 11
    GLJ             shift and go to state 12
    GLK             shift and go to state 13
    GLL             shift and go to state 14
    GLM             shift and go to state 15
    GLN             shift and go to state 16
    GLO             shift and go to state 17
    GLP             shift and go to state 18
    GLQ             shift and go to state 19
    GLR             shift and go to state 20
    GLS             shift and go to state 21
    GLT             shift and go to state 22
    GLU             shift and go to state 23
    GLV             shift and go to state 24
    GLW             shift and go to state 25
    GLX             shift and go to state 26
    GLY             shift and go to state 27
    GLZ             shift and go to state 28
    GL1             shift and go to state 29
    GL2             shift and go to state 30
    GL3             shift and go to state 31
    GL4             shift and go to state 32
    GL5             shift and go to state 33
    GL6             shift and go to state 34
    GL7             shift and go to state 35
    GL8             shift and go to state 36
    GL9             shift and go to state 37
    GL10            shift and go to state 38
    GL11            shift and go to state 39
    GL12            shift and go to state 40
    GL13            shift and go to state 41
    GL14            shift and go to state 42
    REFLEXIVO_INICIO shift and go to state 43
    REFLEXIVO_CLAUSURA shift and go to state 44
    REFLEXIVO_FUEGO shift and go to state 45
    REFLEXIVO_TIERRA shift and go to state 46
    REFLEXIVO_LLAVE1 shift and go to state 47
    REFLEXIVO_LLAVE2 shift and go to state 48
    REFLEXIVO_LLAVE3 shift and go to state 49
    SIS_MEMORIA     shift and go to state 50
    SIS_CICLO       shift and go to state 51
    SIS_ENTIDAD     shift and go to state 52
    SIS_DESPERTAR   shift and go to state 53
    SIS_MUTANTE     shift and go to state 54
    INT_CONEXION    shift and go to state 55
    INT_DIALOGO     shift and go to state 56
    INT_RUPTURA     shift and go to state 57
    INT_NEXO        shift and go to state 58
    INT_META        shift and go to state 59
    RETROACCION     shift and go to state 60
    FLUJO_CICLICO   shift and go to state 61
    TEMPORALIDAD    shift and go to state 62
    PERSISTENCIA    shift and go to state 63
    INSTANTANEO     shift and go to state 64
    CADENCIA        shift and go to state 65
    NOT_LOGICO      shift and go to state 66
    PROBABILIDAD    shift and go to state 67
    EMERGENCIA      shift and go to state 68
    SUPERINDICE     shift and go to state 69
    SUBINDICE       shift and go to state 70
    PARENTESIS_FUERTE_ABRE shift and go to state 71
    PARENTESIS_FLUIDO_ABRE shift and go to state 72
    HALT            shift and go to state 73
    PURGE           shift and go to state 74
    ISOLATE         shift and go to state 75
    AUDIT           shift and go to state 76
    KILL            shift and go to state 77

    expresion                      shift and go to state 92

state 61

    (72) expresion -> FLUJO_CICLICO . expresion
    (2) expresion -> . GLA
    (3) expresion -> . GLB
    (4) expresion -> . GLC
    (5) expresion -> . GLD
    (6) expresion -> . GLE
    (7) expresion -> . GLF
    (8) expresion -> . GLG
    (9) expresion -> . GLH
    (10) expresion -> . GLI
    (11) expresion -> . GLJ
    (12) expresion -> . GLK
    (13) expresion -> . GLL
    (14) expresion -> . GLM
    (15) expresion -> . GLN
    (16) expresion -> . GLO
    (17) expresion -> . GLP
    (18) expresion -> . GLQ
    (19) expresion -> . GLR
    (20) expresion -> . GLS
    (21) expresion -> . GLT
    (22) expresion -> . GLU
    (23) expresion -> . GLV
    (24) expresion -> . GLW
    (25) expresion -> . GLX
    (26) expresion -> . GLY
    (27) expresion -> . GLZ
    (28) expresion -> . GL1
    (29) expresion -> . GL2
    (30) expresion -> . GL3
    (31) expresion -> . GL4
    (32) expresion -> . GL5
    (33) expresion -> . GL6
    (34) expresion -> . GL7
    (35) expresion -> . GL8
    (36) expresion -> . GL9
    (37) expresion -> . GL10
    (38) expresion -> . GL11
    (39) expresion -> . GL12
    (40) expresion -> . GL13
    (41) expresion -> . GL14
    (42) expresion -> . REFLEXIVO_INICIO
    (43) expresion -> . REFLEXIVO_CLAUSURA
    (44) expresion -> . REFLEXIVO_FUEGO
    (45) expresion -> . REFLEXIVO_TIERRA
    (46) expresion -> . REFLEXIVO_LLAVE1
    (47) expresion -> . REFLEXIVO_LLAVE2
    (48) expresion -> . REFLEXIVO_LLAVE3
    (49) expresion -> . SIS_MEMORIA
    (50) expresion -> . SIS_CICLO
    (51) expresion -> . SIS_ENTIDAD
    (52) expresion -> . SIS_DESPERTAR
    (53) expresion -> . SIS_MUTANTE
    (54) expresion -> . INT_CONEXION
    (55) expresion -> . INT_DIALOGO
    (56) expresion -> . INT_RUPTURA
    (57) expresion -> . INT_NEXO
    (58) expresion -> . INT_META
    (59) expresion -> . expresion SUMA expresion
    (60) expresion -> . expresion RESTA expresion
    (61) expresion -> . expresion MULTIPLICACION expresion
    (62) expresion -> . expresion DIVISION expresion
    (63) expresion -> . expresion APROXIMACION expresion
    (64) expresion -> . expresion FUSION expresion
    (65) expresion -> . expresion COLISION expresion
    (66) expresion -> . expresion INTERCAMBIO expresion
    (67) expresion -> . expresion POTENCIACION expresion
    (68) expresion -> . expresion ATENUACION expresion
    (69) expresion -> . expresion RESULTADO expresion
    (70) expresion -> . expresion FLUJO_ORIENTADO expresion
    (71) expresion -> . RETROACCION expresion
    (72) expresion -> . FLUJO_CICLICO expresion
    (73) expresion -> . TEMPORALIDAD expresion
    (74) expresion -> . PERSISTENCIA expresion
    (75) expresion -> . INSTANTANEO expresion
    (76) expresion -> . CADENCIA expresion
    (77) expresion -> . expresion OR_LOGICO expresion
    (78) expresion -> . expresion AND_LOGICO expresion
    (79) expresion -> . NOT_LOGICO expresion
    (80) expresion -> . PROBABILIDAD expresion
    (81) expresion -> . EMERGENCIA expresion
    (82) expresion -> . SUPERINDICE expresion
    (83) expresion -> . SUBINDICE expresion
    (84) expresion -> . PARENTESIS_FUERTE_ABRE expresion PARENTESIS_FUERTE_CIERRA
    (85) expresion -> . PARENTESIS_FLUIDO_ABRE expresion PARENTESIS_FLUIDO_CIERRA
    (86) expresion -> . HALT
    (87) expresion -> . PURGE
    (88) expresion -> . ISOLATE
    (89) expresion -> . AUDIT
    (90) expresion -> . KILL

    GLA             shift and go to state 3
    GLB             shift and go to state 4
    GLC             shift and go to state 5
    GLD             shift and go to state 6
    GLE             shift and go to state 7
    GLF             shift and go to state 8
    GLG             shift and go to state 9
    GLH             shift and go to state 10
    GLI             shift and go to state 11
    GLJ             shift and go to state 12
    GLK             shift and go to state 13
    GLL             shift and go to state 14
    GLM             shift and go to state 15
    GLN             shift and go to state 16
    GLO             shift and go to state 17
    GLP             shift and go to state 18
    GLQ             shift and go to state 19
    GLR             shift and go to state 20
    GLS             shift and go to state 21
    GLT             shift and go to state 22
    GLU             shift and go to state 23
    GLV             shift and go to state 24
    GLW             shift and go to state 25
    GLX             shift and go to state 26
    GLY             shift and go to state 27
    GLZ             shift and go to state 28
    GL1             shift and go to state 29
    GL2             shift and go to state 30
    GL3             shift and go to state 31
    GL4             shift and go to state 32
    GL5             shift and go to state 33
    GL6             shift and go to state 34
    GL7             shift and go to state 35
    GL8             shift and go to state 36
    GL9             shift and go to state 37
    GL10            shift and go to state 38
    GL11            shift and go to state 39
    GL12            shift and go to state 40
    GL13            shift and go to state 41
    GL14            shift and go to state 42
    REFLEXIVO_INICIO shift and go to state 43
    REFLEXIVO_CLAUSURA shift and go to state 44
    REFLEXIVO_FUEGO shift and go to state 45
    REFLEXIVO_TIERRA shift and go to state 46
    REFLEXIVO_LLAVE1 shift and go to state 47
    REFLEXIVO_LLAVE2 shift and go to state 48
    REFLEXIVO_LLAVE3 shift and go to state 49
    SIS_MEMORIA     shift and go to state 50
    SIS_CICLO       shift and go to state 51
    SIS_ENTIDAD     shift and go to state 52
    SIS_DESPERTAR   shift and go to state 53
    SIS_MUTANTE     shift and go to state 54
    INT_CONEXION    shift and go to state 55
    INT_DIALOGO     shift and go to state 56
    INT_RUPTURA     shift and go to state 57
    INT_NEXO        shift and go to state 58
    INT_META        shift and go to state 59
    RETROACCION     shift and go to state 60
    FLUJO_CICLICO   shift and go to state 61
    TEMPORALIDAD    shift and go to state 62
    PERSISTENCIA    shift and go to state 63
    INSTANTANEO     shift and go to state 64
    CADENCIA        shift and go to state 65
    NOT_LOGICO      shift and go to state 66
    PROBABILIDAD    shift and go to state 67
    EMERGENCIA      shift and go to state 68
    SUPERINDICE     shift and go to state 69
    SUBINDICE       shift and go to state 70
    PARENTESIS_FUERTE_ABRE shift and go to state 71
    PARENTESIS_FLUIDO_ABRE shift and go to state 72
    HALT            shift and go to state 73
    PURGE           shift and go to state 74
    ISOLATE         shift and go to state 75
    AUDIT           shift and go to state 76
    KILL            shift and go to state 77

    expresion                      shift and go to state 93

state 62

    (73) expresion -> TEMPORALIDAD . expresion
    (2) expresion -> . GLA
    (3) expresion -> . GLB
    (4) expresion -> . GLC
    (5) expresion -> . GLD
    (6) expresion -> . GLE
    (7) expresion -> . GLF
    (8) expresion -> . GLG
    (9) expresion -> . GLH
    (10) expresion -> . GLI
    (11) expresion -> . GLJ
    (12) expresion -> . GLK
    (13) expresion -> . GLL
    (14) expresion -> . GLM
    (15) expresion -> . GLN
    (16) expresion -> . GLO
    (17) expresion -> . GLP
    (18) expresion -> . GLQ
    (19) expresion -> . GLR
    (20) expresion -> . GLS
    (21) expresion -> . GLT
    (22) expresion -> . GLU
    (23) expresion -> . GLV
    (24) expresion -> . GLW
    (25) expresion -> . GLX
    (26) expresion -> . GLY
    (27) expresion -> . GLZ
    (28) expresion -> . GL1
    (29) expresion -> . GL2
    (30) expresion -> . GL3
    (31) expresion -> . GL4
    (32) expresion -> . GL5
    (33) expresion -> . GL6
    (34) expresion -> . GL7
    (35) expresion -> . GL8
    (36) expresion -> . GL9
    (37) expresion -> . GL10
    (38) expresion -> . GL11
    (39) expresion -> . GL12
    (40) expresion -> . GL13
    (41) expresion -> . GL14
    (42) expresion -> . REFLEXIVO_INICIO
    (43) expresion -> . REFLEXIVO_CLAUSURA
    (44) expresion -> . REFLEXIVO_FUEGO
    (45) expresion -> . REFLEXIVO_TIERRA
    (46) expresion -> . REFLEXIVO_LLAVE1
    (47) expresion -> . REFLEXIVO_LLAVE2
    (48) expresion -> . REFLEXIVO_LLAVE3
    (49) expresion -> . SIS_MEMORIA
    (50) expresion -> . SIS_CICLO
    (51) expresion -> . SIS_ENTIDAD
    (52) expresion -> . SIS_DESPERTAR
    (53) expresion -> . SIS_MUTANTE
    (54) expresion -> . INT_CONEXION
    (55) expresion -> . INT_DIALOGO
    (56) expresion -> . INT_RUPTURA
    (57) expresion -> . INT_NEXO
    (58) expresion -> . INT_META
    (59) expresion -> . expresion SUMA expresion
    (60) expresion -> . expresion RESTA expresion
    (61) expresion -> . expresion MULTIPLICACION expresion
    (62) expresion -> . expresion DIVISION expresion
    (63) expresion -> . expresion APROXIMACION expresion
    (64) expresion -> . expresion FUSION expresion
    (65) expresion -> . expresion COLISION expresion
    (66) expresion -> . expresion INTERCAMBIO expresion
    (67) expresion -> . expresion POTENCIACION expresion
    (68) expresion -> . expresion ATENUACION expresion
    (69) expresion -> . expresion RESULTADO expresion
    (70) expresion -> . expresion FLUJO_ORIENTADO expresion
    (71) expresion -> . RETROACCION expresion
    (72) expresion -> . FLUJO_CICLICO expresion
    (73) expresion -> . TEMPORALIDAD expresion
    (74) expresion -> . PERSISTENCIA expresion
    (75) expresion -> . INSTANTANEO expresion
    (76) expresion -> . CADENCIA expresion
    (77) expresion -> . expresion OR_LOGICO expresion
    (78) expresion -> . expresion AND_LOGICO expresion
    (79) expresion -> . NOT_LOGICO expresion
    (80) expresion -> . PROBABILIDAD expresion
    (81) expresion -> . EMERGENCIA expresion
    (82) expresion -> . SUPERINDICE expresion
    (83) expresion -> . SUBINDICE expresion
    (84) expresion -> . PARENTESIS_FUERTE_ABRE expresion PARENTESIS_FUERTE_CIERRA
    (85) expresion -> . PARENTESIS_FLUIDO_ABRE expresion PARENTESIS_FLUIDO_CIERRA
    (86) expresion -> . HALT
    (87) expresion -> . PURGE
    (88) expresion -> . ISOLATE
    (89) expresion -> . AUDIT
    (90) expresion -> . KILL

    GLA             shift and go to state 3
    GLB             shift and go to state 4
    GLC             shift and go to state 5
    GLD             shift and go to state 6
    GLE             shift and go to state 7
    GLF             shift and go to state 8
    GLG             shift and go to state 9
    GLH             shift and go to state 10
    GLI             shift and go to state 11
    GLJ             shift and go to state 12
    GLK             shift and go to state 13
    GLL             shift and go to state 14
    GLM             shift and go to state 15
    GLN             shift and go to state 16
    GLO             shift and go to state 17
    GLP             shift and go to state 18
    GLQ             shift and go to state 19
    GLR             shift and go to state 20
    GLS             shift and go to state 21
    GLT             shift and go to state 22
    GLU             shift and go to state 23
    GLV             shift and go to state 24
    GLW             shift and go to state 25
    GLX             shift and go to state 26
    GLY             shift and go to state 27
    GLZ             shift and go to state 28
    GL1             shift and go to state 29
    GL2             shift and go to state 30
    GL3             shift and go to state 31
    GL4             shift and go to state 32
    GL5             shift and go to state 33
    GL6             shift and go to state 34
    GL7             shift and go to state 35
    GL8             shift and go to state 36
    GL9             shift and go to state 37
    GL10            shift and go to state 38
    GL11            shift and go to state 39
    GL12            shift and go to state 40
    GL13            shift and go to state 41
    GL14            shift and go to state 42
    REFLEXIVO_INICIO shift and go to state 43
    REFLEXIVO_CLAUSURA shift and go to state 44
    REFLEXIVO_FUEGO shift and go to state 45
    REFLEXIVO_TIERRA shift and go to state 46
    REFLEXIVO_LLAVE1 shift and go to state 47
    REFLEXIVO_LLAVE2 shift and go to state 48
    REFLEXIVO_LLAVE3 shift and go to state 49
    SIS_MEMORIA     shift and go to state 50
    SIS_CICLO       shift and go to state 51
    SIS_ENTIDAD     shift and go to state 52
    SIS_DESPERTAR   shift and go to state 53
    SIS_MUTANTE     shift and go to state 54
    INT_CONEXION    shift and go to state 55
    INT_DIALOGO     shift and go to state 56
    INT_RUPTURA     shift and go to state 57
    INT_NEXO        shift and go to state 58
    INT_META        shift and go to state 59
    RETROACCION     shift and go to state 60
    FLUJO_CICLICO   shift and go to state 61
    TEMPORALIDAD    shift and go to state 62
    PERSISTENCIA    shift and go to state 63
    INSTANTANEO     shift and go to state 64
    CADENCIA        shift and go to state 65
    NOT_LOGICO      shift and go to state 66
    PROBABILIDAD    shift and go to state 67
    EMERGENCIA      shift and go to state 68
    SUPERINDICE     shift and go to state 69
    SUBINDICE       shift and go to state 70
    PARENTESIS_FUERTE_ABRE shift and go to state 71
    PARENTESIS_FLUIDO_ABRE shift and go to state 72
    HALT            shift and go to state 73
    PURGE           shift and go to state 74
    ISOLATE         shift and go to state 75
    AUDIT           shift and go to state 76
    KILL            shift and go to state 77

    expresion                      shift and go to state 94

state 63

    (74) expresion -> PERSISTENCIA . expresion
    (2) expresion -> . GLA
    (3) expresion -> . GLB
    (4) expresion -> . GLC
    (5) expresion -> . GLD
    (6) expresion -> . GLE
    (7) expresion -> . GLF
    (8) expresion -> . GLG
    (9) expresion -> . GLH
    (10) expresion -> . GLI
    (11) expresion -> . GLJ
    (12) expresion -> . GLK
    (13) expresion -> . GLL
    (14) expresion -> . GLM
    (15) expresion -> . GLN
    (16) expresion -> . GLO
    (17) expresion -> . GLP
    (18) expresion -> . GLQ
    (19) expresion -> . GLR
    (20) expresion -> . GLS
    (21) expresion -> . GLT
    (22) expresion -> . GLU
    (23) expresion -> . GLV
    (24) expresion -> . GLW
    (25) expresion -> . GLX
    (26) expresion -> . GLY
    (27) expresion -> . GLZ
    (28) expresion -> . GL1
    (29) expresion -> . GL2
    (30) expresion -> . GL3
    (31) expresion -> . GL4
    (32) expresion -> . GL5
    (33) expresion -> . GL6
    (34) expresion -> . GL7
    (35) expresion -> . GL8
    (36) expresion -> . GL9
    (37) expresion -> . GL10
    (38) expresion -> . GL11
    (39) expresion -> . GL12
    (40) expresion -> . GL13
    (41) expresion -> . GL14
    (42) expresion -> . REFLEXIVO_INICIO
    (43) expresion -> . REFLEXIVO_CLAUSURA
    (44) expresion -> . REFLEXIVO_FUEGO
    (45) expresion -> . REFLEXIVO_TIERRA
    (46) expresion -> . REFLEXIVO_LLAVE1
    (47) expresion -> . REFLEXIVO_LLAVE2
    (48) expresion -> . REFLEXIVO_LLAVE3
    (49) expresion -> . SIS_MEMORIA
    (50) expresion -> . SIS_CICLO
    (51) expresion -> . SIS_ENTIDAD
    (52) expresion -> . SIS_DESPERTAR
    (53) expresion -> . SIS_MUTANTE
    (54) expresion -> . INT_CONEXION
    (55) expresion -> . INT_DIALOGO
    (56) expresion -> . INT_RUPTURA
    (57) expresion -> . INT_NEXO
    (58) expresion -> . INT_META
    (59) expresion -> . expresion SUMA expresion
    (60) expresion -> . expresion RESTA expresion
    (61) expresion -> . expresion MULTIPLICACION expresion
    (62) expresion -> . expresion DIVISION expresion
    (63) expresion -> . expresion APROXIMACION expresion
    (64) expresion -> . expresion FUSION expresion
    (65) expresion -> . expresion COLISION expresion
    (66) expresion -> . expresion INTERCAMBIO expresion
    (67) expresion -> . expresion POTENCIACION expresion
    (68) expresion -> . expresion ATENUACION expresion
    (69) expresion -> . expresion RESULTADO expresion
    (70) expresion -> . expresion FLUJO_ORIENTADO expresion
    (71) expresion -> . RETROACCION expresion
    (72) expresion -> . FLUJO_CICLICO expresion
    (73) expresion -> . TEMPORALIDAD expresion
    (74) expresion -> . PERSISTENCIA expresion
    (75) expresion -> . INSTANTANEO expresion
    (76) expresion -> . CADENCIA expresion
    (77) expresion -> . expresion OR_LOGICO expresion
    (78) expresion -> . expresion AND_LOGICO expresion
    (79) expresion -> . NOT_LOGICO expresion
    (80) expresion -> . PROBABILIDAD expresion
    (81) expresion -> . EMERGENCIA expresion
    (82) expresion -> . SUPERINDICE expresion
    (83) expresion -> . SUBINDICE expresion
    (84) expresion -> . PARENTESIS_FUERTE_ABRE expresion PARENTESIS_FUERTE_CIERRA
    (85) expresion -> . PARENTESIS_FLUIDO_ABRE expresion PARENTESIS_FLUIDO_CIERRA
    (86) expresion -> . HALT
    (87) expresion -> . PURGE
    (88) expresion -> . ISOLATE
    (89) expresion -> . AUDIT
    (90) expresion -> . KILL

    GLA             shift and go to state 3
    GLB             shift and go to state 4
    GLC             shift and go to state 5
    GLD             shift and go to state 6
    GLE             shift and go to state 7
    GLF             shift and go to state 8
    GLG             shift and go to state 9
    GLH             shift and go to state 10
    GLI             shift and go to state 11
    GLJ             shift and go to state 12
    GLK             shift and go to state 13
    GLL             shift and go to state 14
    GLM             shift and go to state 15
    GLN             shift and go to state 16
    GLO             shift and go to state 17
    GLP             shift and go to state 18
    GLQ             shift and go to state 19
    GLR             shift and go to state 20
    GLS             shift and go to state 21
    GLT             shift and go to state 22
    GLU             shift and go to state 23
    GLV             shift and go to state 24
    GLW             shift and go to state 25
    GLX             shift and go to state 26
    GLY             shift and go to state 27
    GLZ             shift and go to state 28
    GL1             shift and go to state 29
    GL2             shift and go to state 30
    GL3             shift and go to state 31
    GL4             shift and go to state 32
    GL5             shift and go to state 33
    GL6             shift and go to state 34
    GL7             shift and go to state 35
    GL8             shift and go to state 36
    GL9             shift and go to state 37
    GL10            shift and go to state 38
    GL11            shift and go to state 39
    GL12            shift and go to state 40
    GL13            shift and go to state 41
    GL14            shift and go to state 42
    REFLEXIVO_INICIO shift and go to state 43
    REFLEXIVO_CLAUSURA shift and go to state 44
    REFLEXIVO_FUEGO shift and go to state 45
    REFLEXIVO_TIERRA shift and go to state 46
    REFLEXIVO_LLAVE1 shift and go to state 47
    REFLEXIVO_LLAVE2 shift and go to state 48
    REFLEXIVO_LLAVE3 shift and go to state 49
    SIS_MEMORIA     shift and go to state 50
    SIS_CICLO       shift and go to state 51
    SIS_ENTIDAD     shift and go to state 52
    SIS_DESPERTAR   shift and go to state 53
    SIS_MUTANTE     shift and go to state 54
    INT_CONEXION    shift and go to state 55
    INT_DIALOGO     shift and go to state 56
    INT_RUPTURA     shift and go to state 57
    INT_NEXO        shift and go to state 58
    INT_META        shift and go to state 59
    RETROACCION     shift and go to state 60
    FLUJO_CICLICO   shift and go to state 61
    TEMPORALIDAD    shift and go to state 62
    PERSISTENCIA    shift and go to state 63
    INSTANTANEO     shift and go to state 64
    CADENCIA        shift and go to state 65
    NOT_LOGICO      shift and go to state 66
    PROBABILIDAD    shift and go to state 67
    EMERGENCIA      shift and go to state 68
    SUPERINDICE     shift and go to state 69
    SUBINDICE       shift and go to state 70
    PARENTESIS_FUERTE_ABRE shift and go to state 71
    PARENTESIS_FLUIDO_ABRE shift and go to state 72
    HALT            shift and go to state 73
    PURGE           shift and go to state 74
    ISOLATE         shift and go to state 75
    AUDIT           shift and go to state 76
    KILL            shift and go to state 77

    expresion                      shift and go to state 95

state 64

    (75) expresion -> INSTANTANEO . expresion
    (2) expresion -> . GLA
    (3) expresion -> . GLB
    (4) expresion -> . GLC
    (5) expresion -> . GLD
    (6) expresion -> . GLE
    (7) expresion -> . GLF
    (8) expresion -> . GLG
    (9) expresion -> . GLH
    (10) expresion -> . GLI
    (11) expresion -> . GLJ
    (12) expresion -> . GLK
    (13) expresion -> . GLL
    (14) expresion -> . GLM
    (15) expresion -> . GLN
    (16) expresion -> . GLO
    (17) expresion -> . GLP
    (18) expresion -> . GLQ
    (19) expresion -> . GLR
    (20) expresion -> . GLS
    (21) expresion -> . GLT
    (22) expresion -> . GLU
    (23) expresion -> . GLV
    (24) expresion -> . GLW
    (25) expresion -> . GLX
    (26) expresion -> . GLY
    (27) expresion -> . GLZ
    (28) expresion -> . GL1
    (29) expresion -> . GL2
    (30) expresion -> . GL3
    (31) expresion -> . GL4
    (32) expresion -> . GL5
    (33) expresion -> . GL6
    (34) expresion -> . GL7
    (35) expresion -> . GL8
    (36) expresion -> . GL9
    (37) expresion -> . GL10
    (38) expresion -> . GL11
    (39) expresion -> . GL12
    (40) expresion -> . GL13
    (41) expresion -> . GL14
    (42) expresion -> . REFLEXIVO_INICIO
    (43) expresion -> . REFLEXIVO_CLAUSURA
    (44) expresion -> . REFLEXIVO_FUEGO
    (45) expresion -> . REFLEXIVO_TIERRA
    (46) expresion -> . REFLEXIVO_LLAVE1
    (47) expresion -> . REFLEXIVO_LLAVE2
    (48) expresion -> . REFLEXIVO_LLAVE3
    (49) expresion -> . SIS_MEMORIA
    (50) expresion -> . SIS_CICLO
    (51) expresion -> . SIS_ENTIDAD
    (52) expresion -> . SIS_DESPERTAR
    (53) expresion -> . SIS_MUTANTE
    (54) expresion -> . INT_CONEXION
    (55) expresion -> . INT_DIALOGO
    (56) expresion -> . INT_RUPTURA
    (57) expresion -> . INT_NEXO
    (58) expresion -> . INT_META
    (59) expresion -> . expresion SUMA expresion
    (60) expresion -> . expresion RESTA expresion
    (61) expresion -> . expresion MULTIPLICACION expresion
    (62) expresion -> . expresion DIVISION expresion
    (63) expresion -> . expresion APROXIMACION expresion
    (64) expresion -> . expresion FUSION expresion
    (65) expresion -> . expresion COLISION expresion
    (66) expresion -> . expresion INTERCAMBIO expresion
    (67) expresion -> . expresion POTENCIACION expresion
    (68) expresion -> . expresion ATENUACION expresion
    (69) expresion -> . expresion RESULTADO expresion
    (70) expresion -> . expresion FLUJO_ORIENTADO expresion
    (71) expresion -> . RETROACCION expresion
    (72) expresion -> . FLUJO_CICLICO expresion
    (73) expresion -> . TEMPORALIDAD expresion
    (74) expresion -> . PERSISTENCIA expresion
    (75) expresion -> . INSTANTANEO expresion
    (76) expresion -> . CADENCIA expresion
    (77) expresion -> . expresion OR_LOGICO expresion
    (78) expresion -> . expresion AND_LOGICO expresion
    (79) expresion -> . NOT_LOGICO expresion
    (80) expresion -> . PROBABILIDAD expresion
    (81) expresion -> . EMERGENCIA expresion
    (82) expresion -> . SUPERINDICE expresion
    (83) expresion -> . SUBINDICE expresion
    (84) expresion -> . PARENTESIS_FUERTE_ABRE expresion PARENTESIS_FUERTE_CIERRA
    (85) expresion -> . PARENTESIS_FLUIDO_ABRE expresion PARENTESIS_FLUIDO_CIERRA
    (86) expresion -> . HALT
    (87) expresion -> . PURGE
    (88) expresion -> . ISOLATE
    (89) expresion -> . AUDIT
    (90) expresion -> . KILL

    GLA             shift and go to state 3
    GLB             shift and go to state 4
    GLC             shift and go to state 5
    GLD             shift and go to state 6
    GLE             shift and go to state 7
    GLF             shift and go to state 8
    GLG             shift and go to state 9
    GLH             shift and go to state 10
    GLI             shift and go to state 11
    GLJ             shift and go to state 12
    GLK             shift and go to state 13
    GLL             shift and go to state 14
    GLM             shift and go to state 15
    GLN             shift and go to state 16
    GLO             shift and go to state 17
    GLP             shift and go to state 18
    GLQ             shift and go to state 19
    GLR             shift and go to state 20
    GLS             shift and go to state 21
    GLT             shift and go to state 22
    GLU             shift and go to state 23
    GLV             shift and go to state 24
    GLW             shift and go to state 25
    GLX             shift and go to state 26
    GLY             shift and go to state 27
    GLZ             shift and go to state 28
    GL1             shift and go to state 29
    GL2             shift and go to state 30
    GL3             shift and go to state 31
    GL4             shift and go to state 32
    GL5             shift and go to state 33
    GL6             shift and go to state 34
    GL7             shift and go to state 35
    GL8             shift and go to state 36
    GL9             shift and go to state 37
    GL10            shift and go to state 38
    GL11            shift and go to state 39
    GL12            shift and go to state 40
    GL13            shift and go to state 41
    GL14            shift and go to state 42
    REFLEXIVO_INICIO shift and go to state 43
    REFLEXIVO_CLAUSURA shift and go to state 44
    REFLEXIVO_FUEGO shift and go to state 45
    REFLEXIVO_TIERRA shift and go to state 46
    REFLEXIVO_LLAVE1 shift and go to state 47
    REFLEXIVO_LLAVE2 shift and go to state 48
    REFLEXIVO_LLAVE3 shift and go to state 49
    SIS_MEMORIA     shift and go to state 50
    SIS_CICLO       shift and go to state 51
    SIS_ENTIDAD     shift and go to state 52
    SIS_DESPERTAR   shift and go to state 53
    SIS_MUTANTE     shift and go to state 54
    INT_CONEXION    shift and go to state 55
    INT_DIALOGO     shift and go to state 56
    INT_RUPTURA     shift and go to state 57
    INT_NEXO        shift and go to state 58
    INT_META        shift and go to state 59
    RETROACCION     shift and go to state 60
    FLUJO_CICLICO   shift and go to state 61
    TEMPORALIDAD    shift and go to state 62
    PERSISTENCIA    shift and go to state 63
    INSTANTANEO     shift and go to state 64
    CADENCIA        shift and go to state 65
    NOT_LOGICO      shift and go to state 66
    PROBABILIDAD    shift and go to state 67
    EMERGENCIA      shift and go to state 68
    SUPERINDICE     shift and go to state 69
    SUBINDICE       shift and go to state 70
    PARENTESIS_FUERTE_ABRE shift and go to state 71
    PARENTESIS_FLUIDO_ABRE shift and go to state 72
    HALT            shift and go to state 73
    PURGE           shift and go to state 74
    ISOLATE         shift and go to state 75
    AUDIT           shift and go to state 76
    KILL            shift and go to state 77

    expresion                      shift and go to state 96

state 65

    (76) expresion -> CADENCIA . expresion
    (2) expresion -> . GLA
    (3) expresion -> . GLB
    (4) expresion -> . GLC
    (5) expresion -> . GLD
    (6) expresion -> . GLE
    (7) expresion -> . GLF
    (8) expresion -> . GLG
    (9) expresion -> . GLH
    (10) expresion -> . GLI
    (11) expresion -> . GLJ
    (12) expresion -> . GLK
    (13) expresion -> . GLL
    (14) expresion -> . GLM
    (15) expresion -> . GLN
    (16) expresion -> . GLO
    (17) expresion -> . GLP
    (18) expresion -> . GLQ
    (19) expresion -> . GLR
    (20) expresion -> . GLS
    (21) expresion -> . GLT
    (22) expresion -> . GLU
    (23) expresion -> . GLV
    (24) expresion -> . GLW
    (25) expresion -> . GLX
    (26) expresion -> . GLY
    (27) expresion -> . GLZ
    (28) expresion -> . GL1
    (29) expresion -> . GL2
    (30) expresion -> . GL3
    (31) expresion -> . GL4
    (32) expresion -> . GL5
    (33) expresion -> . GL6
    (34) expresion -> . GL7
    (35) expresion -> . GL8
    (36) expresion -> . GL9
    (37) expresion -> . GL10
    (38) expresion -> . GL11
    (39) expresion -> . GL12
    (40) expresion -> . GL13
    (41) expresion -> . GL14
    (42) expresion -> . REFLEXIVO_INICIO
    (43) expresion -> . REFLEXIVO_CLAUSURA
    (44) expresion -> . REFLEXIVO_FUEGO
    (45) expresion -> . REFLEXIVO_TIERRA
    (46) expresion -> . REFLEXIVO_LLAVE1
    (47) expresion -> . REFLEXIVO_LLAVE2
    (48) expresion -> . REFLEXIVO_LLAVE3
    (49) expresion -> . SIS_MEMORIA
    (50) expresion -> . SIS_CICLO
    (51) expresion -> . SIS_ENTIDAD
    (52) expresion -> . SIS_DESPERTAR
    (53) expresion -> . SIS_MUTANTE
    (54) expresion -> . INT_CONEXION
    (55) expresion -> . INT_DIALOGO
    (56) expresion -> . INT_RUPTURA
    (57) expresion -> . INT_NEXO
    (58) expresion -> . INT_META
    (59) expresion -> . expresion SUMA expresion
    (60) expresion -> . expresion RESTA expresion
    (61) expresion -> . expresion MULTIPLICACION expresion
    (62) expresion -> . expresion DIVISION expresion
    (63) expresion -> . expresion APROXIMACION expresion
    (64) expresion -> . expresion FUSION expresion
    (65) expresion -> . expresion COLISION expresion
    (66) expresion -> . expresion INTERCAMBIO expresion
    (67) expresion -> . expresion POTENCIACION expresion
    (68) expresion -> . expresion ATENUACION expresion
    (69) expresion -> . expresion RESULTADO expresion
    (70) expresion -> . expresion FLUJO_ORIENTADO expresion
    (71) expresion -> . RETROACCION expresion
    (72) expresion -> . FLUJO_CICLICO expresion
    (73) expresion -> . TEMPORALIDAD expresion
    (74) expresion -> . PERSISTENCIA expresion
    (75) expresion -> . INSTANTANEO expresion
    (76) expresion -> . CADENCIA expresion
    (77) expresion -> . expresion OR_LOGICO expresion
    (78) expresion -> . expresion AND_LOGICO expresion
    (79) expresion -> . NOT_LOGICO expresion
    (80) expresion -> . PROBABILIDAD expresion
    (81) expresion -> . EMERGENCIA expresion
    (82) expresion -> . SUPERINDICE expresion
    (83) expresion -> . SUBINDICE expresion
    (84) expresion -> . PARENTESIS_FUERTE_ABRE expresion PARENTESIS_FUERTE_CIERRA
    (85) expresion -> . PARENTESIS_FLUIDO_ABRE expresion PARENTESIS_FLUIDO_CIERRA
    (86) expresion -> . HALT
    (87) expresion -> . PURGE
    (88) expresion -> . ISOLATE
    (89) expresion -> . AUDIT
    (90) expresion -> . KILL

    GLA             shift and go to state 3
    GLB             shift and go to state 4
    GLC             shift and go to state 5
    GLD             shift and go to state 6
    GLE             shift and go to state 7
    GLF             shift and go to state 8
    GLG             shift and go to state 9
    GLH             shift and go to state 10
    GLI             shift and go to state 11
    GLJ             shift and go to state 12
    GLK             shift and go to state 13
    GLL             shift and go to state 14
    GLM             shift and go to state 15
    GLN             shift and go to state 16
    GLO             shift and go to state 17
    GLP             shift and go to state 18
    GLQ             shift and go to state 19
    GLR             shift and go to state 20
    GLS             shift and go to state 21
    GLT             shift and go to state 22
    GLU             shift and go to state 23
    GLV             shift and go to state 24
    GLW             shift and go to state 25
    GLX             shift and go to state 26
    GLY             shift and go to state 27
    GLZ             shift and go to state 28
    GL1             shift and go to state 29
    GL2             shift and go to state 30
    GL3             shift and go to state 31
    GL4             shift and go to state 32
    GL5             shift and go to state 33
    GL6             shift and go to state 34
    GL7             shift and go to state 35
    GL8             shift and go to state 36
    GL9             shift and go to state 37
    GL10            shift and go to state 38
    GL11            shift and go to state 39
    GL12            shift and go to state 40
    GL13            shift and go to state 41
    GL14            shift and go to state 42
    REFLEXIVO_INICIO shift and go to state 43
    REFLEXIVO_CLAUSURA shift and go to state 44
    REFLEXIVO_FUEGO shift and go to state 45
    REFLEXIVO_TIERRA shift and go to state 46
    REFLEXIVO_LLAVE1 shift and go to state 47
    REFLEXIVO_LLAVE2 shift and go to state 48
    REFLEXIVO_LLAVE3 shift and go to state 49
    SIS_MEMORIA     shift and go to state 50
    SIS_CICLO       shift and go to state 51
    SIS_ENTIDAD     shift and go to state 52
    SIS_DESPERTAR   shift and go to state 53
    SIS_MUTANTE     shift and go to state 54
    INT_CONEXION    shift and go to state 55
    INT_DIALOGO     shift and go to state 56
    INT_RUPTURA     shift and go to state 57
    INT_NEXO        shift and go to state 58
    INT_META        shift and go to state 59
    RETROACCION     shift and go to state 60
    FLUJO_CICLICO   shift and go to state 61
    TEMPORALIDAD    shift and go to state 62
    PERSISTENCIA    shift and go to state 63
    INSTANTANEO     shift and go to state 64
    CADENCIA        shift and go to state 65
    NOT_LOGICO      shift and go to state 66
    PROBABILIDAD    shift and go to state 67
    EMERGENCIA      shift and go to state 68
    SUPERINDICE     shift and go to state 69
    SUBINDICE       shift and go to state 70
    PARENTESIS_FUERTE_ABRE shift and go to state 71
    PARENTESIS_FLUIDO_ABRE shift and go to state 72
    HALT            shift and go to state 73
    PURGE           shift and go to state 74
    ISOLATE         shift and go to state 75
    AUDIT           shift and go to state 76
    KILL            shift and go to state 77

    expresion                      shift and go to state 97

state 66

    (79) expresion -> NOT_LOGICO . expresion
    (2) expresion -> . GLA
    (3) expresion -> . GLB
    (4) expresion -> . GLC
    (5) expresion -> . GLD
    (6) expresion -> . GLE
    (7) expresion -> . GLF
    (8) expresion -> . GLG
    (9) expresion -> . GLH
    (10) expresion -> . GLI
    (11) expresion -> . GLJ
    (12) expresion -> . GLK
    (13) expresion -> . GLL
    (14) expresion -> . GLM
    (15) expresion -> . GLN
    (16) expresion -> . GLO
    (17) expresion -> . GLP
    (18) expresion -> . GLQ
    (19) expresion -> . GLR
    (20) expresion -> . GLS
    (21) expresion -> . GLT
    (22) expresion -> . GLU
    (23) expresion -> . GLV
    (24) expresion -> . GLW
    (25) expresion -> . GLX
    (26) expresion -> . GLY
    (27) expresion -> . GLZ
    (28) expresion -> . GL1
    (29) expresion -> . GL2
    (30) expresion -> . GL3
    (31) expresion -> . GL4
    (32) expresion -> . GL5
    (33) expresion -> . GL6
    (34) expresion -> . GL7
    (35) expresion -> . GL8
    (36) expresion -> . GL9
    (37) expresion -> . GL10
    (38) expresion -> . GL11
    (39) expresion -> . GL12
    (40) expresion -> . GL13
    (41) expresion -> . GL14
    (42) expresion -> . REFLEXIVO_INICIO
    (43) expresion -> . REFLEXIVO_CLAUSURA
    (44) expresion -> . REFLEXIVO_FUEGO
    (45) expresion -> . REFLEXIVO_TIERRA
    (46) expresion -> . REFLEXIVO_LLAVE1
    (47) expresion -> . REFLEXIVO_LLAVE2
    (48) expresion -> . REFLEXIVO_LLAVE3
    (49) expresion -> . SIS_MEMORIA
    (50) expresion -> . SIS_CICLO
    (51) expresion -> . SIS_ENTIDAD
    (52) expresion -> . SIS_DESPERTAR
    (53) expresion -> . SIS_MUTANTE
    (54) expresion -> . INT_CONEXION
    (55) expresion -> . INT_DIALOGO
    (56) expresion -> . INT_RUPTURA
    (57) expresion -> . INT_NEXO
    (58) expresion -> . INT_META
    (59) expresion -> . expresion SUMA expresion
    (60) expresion -> . expresion RESTA expresion
    (61) expresion -> . expresion MULTIPLICACION expresion
    (62) expresion -> . expresion DIVISION expresion
    (63) expresion -> . expresion APROXIMACION expresion
    (64) expresion -> . expresion FUSION expresion
    (65) expresion -> . expresion COLISION expresion
    (66) expresion -> . expresion INTERCAMBIO expresion
    (67) expresion -> . expresion POTENCIACION expresion
    (68) expresion -> . expresion ATENUACION expresion
    (69) expresion -> . expresion RESULTADO expresion
    (70) expresion -> . expresion FLUJO_ORIENTADO expresion
    (71) expresion -> . RETROACCION expresion
    (72) expresion -> . FLUJO_CICLICO expresion
    (73) expresion -> . TEMPORALIDAD expresion
    (74) expresion -> . PERSISTENCIA expresion
    (75) expresion -> . INSTANTANEO expresion
    (76) expresion -> . CADENCIA expresion
    (77) expresion -> . expresion OR_LOGICO expresion
    (78) expresion -> . expresion AND_LOGICO expresion
    (79) expresion -> . NOT_LOGICO expresion
    (80) expresion -> . PROBABILIDAD expresion
    (81) expresion -> . EMERGENCIA expresion
    (82) expresion -> . SUPERINDICE expresion
    (83) expresion -> . SUBINDICE expresion
    (84) expresion -> . PARENTESIS_FUERTE_ABRE expresion PARENTESIS_FUERTE_CIERRA
    (85) expresion -> . PARENTESIS_FLUIDO_ABRE expresion PARENTESIS_FLUIDO_CIERRA
    (86) expresion -> . HALT
    (87) expresion -> . PURGE
    (88) expresion -> . ISOLATE
    (89) expresion -> . AUDIT
    (90) expresion -> . KILL

    GLA             shift and go to state 3
    GLB             shift and go to state 4
    GLC             shift and go to state 5
    GLD             shift and go to state 6
    GLE             shift and go to state 7
    GLF             shift and go to state 8
    GLG             shift and go to state 9
    GLH             shift and go to state 10
    GLI             shift and go to state 11
    GLJ             shift and go to state 12
    GLK             shift and go to state 13
    GLL             shift and go to state 14
    GLM             shift and go to state 15
    GLN             shift and go to state 16
    GLO             shift and go to state 17
    GLP             shift and go to state 18
    GLQ             shift and go to state 19
    GLR             shift and go to state 20
    GLS             shift and go to state 21
    GLT             shift and go to state 22
    GLU             shift and go to state 23
    GLV             shift and go to state 24
    GLW             shift and go to state 25
    GLX             shift and go to state 26
    GLY             shift and go to state 27
    GLZ             shift and go to state 28
    GL1             shift and go to state 29
    GL2             shift and go to state 30
    GL3             shift and go to state 31
    GL4             shift and go to state 32
    GL5             shift and go to state 33
    GL6             shift and go to state 34
    GL7             shift and go to state 35
    GL8             shift and go to state 36
    GL9             shift and go to state 37
    GL10            shift and go to state 38
    GL11            shift and go to state 39
    GL12            shift and go to state 40
    GL13            shift and go to state 41
    GL14            shift and go to state 42
    REFLEXIVO_INICIO shift and go to state 43
    REFLEXIVO_CLAUSURA shift and go to state 44
    REFLEXIVO_FUEGO shift and go to state 45
    REFLEXIVO_TIERRA shift and go to state 46
    REFLEXIVO_LLAVE1 shift and go to state 47
    REFLEXIVO_LLAVE2 shift and go to state 48
    REFLEXIVO_LLAVE3 shift and go to state 49
    SIS_MEMORIA     shift and go to state 50
    SIS_CICLO       shift and go to state 51
    SIS_ENTIDAD     shift and go to state 52
    SIS_DESPERTAR   shift and go to state 53
    SIS_MUTANTE     shift and go to state 54
    INT_CONEXION    shift and go to state 55
    INT_DIALOGO     shift and go to state 56
    INT_RUPTURA     shift and go to state 57
    INT_NEXO        shift and go to state 58
    INT_META        shift and go to state 59
    RETROACCION     shift and go to state 60
    FLUJO_CICLICO   shift and go to state 61
    TEMPORALIDAD    shift and go to state 62
    PERSISTENCIA    shift and go to state 63
    INSTANTANEO     shift and go to state 64
    CADENCIA        shift and go to state 65
    NOT_LOGICO      shift and go to state 66
    PROBABILIDAD    shift and go to state 67
    EMERGENCIA      shift and go to state 68
    SUPERINDICE     shift and go to state 69
    SUBINDICE       shift and go to state 70
    PARENTESIS_FUERTE_ABRE shift and go to state 71
    PARENTESIS_FLUIDO_ABRE shift and go to state 72
    HALT            shift and go to state 73
    PURGE           shift and go to state 74
    ISOLATE         shift and go to state 75
    AUDIT           shift and go to state 76
    KILL            shift and go to state 77

    expresion                      shift and go to state 98

state 67

    (80) expresion -> PROBABILIDAD . expresion
    (2) expresion -> . GLA
    (3) expresion -> . GLB
    (4) expresion -> . GLC
    (5) expresion -> . GLD
    (6) expresion -> . GLE
    (7) expresion -> . GLF
    (8) expresion -> . GLG
    (9) expresion -> . GLH
    (10) expresion -> . GLI
    (11) expresion -> . GLJ
    (12) expresion -> . GLK
    (13) expresion -> . GLL
    (14) expresion -> . GLM
    (15) expresion -> . GLN
    (16) expresion -> . GLO
    (17) expresion -> . GLP
    (18) expresion -> . GLQ
    (19) expresion -> . GLR
    (20) expresion -> . GLS
    (21) expresion -> . GLT
    (22) expresion -> . GLU
    (23) expresion -> . GLV
    (24) expresion -> . GLW
    (25) expresion -> . GLX
    (26) expresion -> . GLY
    (27) expresion -> . GLZ
    (28) expresion -> . GL1
    (29) expresion -> . GL2
    (30) expresion -> . GL3
    (31) expresion -> . GL4
    (32) expresion -> . GL5
    (33) expresion -> . GL6
    (34) expresion -> . GL7
    (35) expresion -> . GL8
    (36) expresion -> . GL9
    (37) expresion -> . GL10
    (38) expresion -> . GL11
    (39) expresion -> . GL12
    (40) expresion -> . GL13
    (41) expresion -> . GL14
    (42) expresion -> . REFLEXIVO_INICIO
    (43) expresion -> . REFLEXIVO_CLAUSURA
    (44) expresion -> . REFLEXIVO_FUEGO
    (45) expresion -> . REFLEXIVO_TIERRA
    (46) expresion -> . REFLEXIVO_LLAVE1
    (47) expresion -> . REFLEXIVO_LLAVE2
    (48) expresion -> . REFLEXIVO_LLAVE3
    (49) expresion -> . SIS_MEMORIA
    (50) expresion -> . SIS_CICLO
    (51) expresion -> . SIS_ENTIDAD
    (52) expresion -> . SIS_DESPERTAR
    (53) expresion -> . SIS_MUTANTE
    (54) expresion -> . INT_CONEXION
    (55) expresion -> . INT_DIALOGO
    (56) expresion -> . INT_RUPTURA
    (57) expresion -> . INT_NEXO
    (58) expresion -> . INT_META
    (59) expresion -> . expresion SUMA expresion
    (60) expresion -> . expresion RESTA expresion
    (61) expresion -> . expresion MULTIPLICACION expresion
    (62) expresion -> . expresion DIVISION expresion
    (63) expresion -> . expresion APROXIMACION expresion
    (64) expresion -> . expresion FUSION expresion
    (65) expresion -> . expresion COLISION expresion
    (66) expresion -> . expresion INTERCAMBIO expresion
    (67) expresion -> . expresion POTENCIACION expresion
    (68) expresion -> . expresion ATENUACION expresion
    (69) expresion -> . expresion RESULTADO expresion
    (70) expresion -> . expresion FLUJO_ORIENTADO expresion
    (71) expresion -> . RETROACCION expresion
    (72) expresion -> . FLUJO_CICLICO expresion
    (73) expresion -> . TEMPORALIDAD expresion
    (74) expresion -> . PERSISTENCIA expresion
    (75) expresion -> . INSTANTANEO expresion
    (76) expresion -> . CADENCIA expresion
    (77) expresion -> . expresion OR_LOGICO expresion
    (78) expresion -> . expresion AND_LOGICO expresion
    (79) expresion -> . NOT_LOGICO expresion
    (80) expresion -> . PROBABILIDAD expresion
    (81) expresion -> . EMERGENCIA expresion
    (82) expresion -> . SUPERINDICE expresion
    (83) expresion -> . SUBINDICE expresion
    (84) expresion -> . PARENTESIS_FUERTE_ABRE expresion PARENTESIS_FUERTE_CIERRA
    (85) expresion -> . PARENTESIS_FLUIDO_ABRE expresion PARENTESIS_FLUIDO_CIERRA
    (86) expresion -> . HALT
    (87) expresion -> . PURGE
    (88) expresion -> . ISOLATE
    (89) expresion -> . AUDIT
    (90) expresion -> . KILL

    GLA             shift and go to state 3
    GLB             shift and go to state 4
    GLC             shift and go to state 5
    GLD             shift and go to state 6
    GLE             shift and go to state 7
    GLF             shift and go to state 8
    GLG             shift and go to state 9
    GLH             shift and go to state 10
    GLI             shift and go to state 11
    GLJ             shift and go to state 12
    GLK             shift and go to state 13
    GLL             shift and go to state 14
    GLM             shift and go to state 15
    GLN             shift and go to state 16
    GLO             shift and go to state 17
    GLP             shift and go to state 18
    GLQ             shift and go to state 19
    GLR             shift and go to state 20
    GLS             shift and go to state 21
    GLT             shift and go to state 22
    GLU             shift and go to state 23
    GLV             shift and go to state 24
    GLW             shift and go to state 25
    GLX             shift and go to state 26
    GLY             shift and go to state 27
    GLZ             shift and go to state 28
    GL1             shift and go to state 29
    GL2             shift and go to state 30
    GL3             shift and go to state 31
    GL4             shift and go to state 32
    GL5             shift and go to state 33
    GL6             shift and go to state 34
    GL7             shift and go to state 35
    GL8             shift and go to state 36
    GL9             shift and go to state 37
    GL10            shift and go to state 38
    GL11            shift and go to state 39
    GL12            shift and go to state 40
    GL13            shift and go to state 41
    GL14            shift and go to state 42
    REFLEXIVO_INICIO shift and go to state 43
    REFLEXIVO_CLAUSURA shift and go to state 44
    REFLEXIVO_FUEGO shift and go to state 45
    REFLEXIVO_TIERRA shift and go to state 46
    REFLEXIVO_LLAVE1 shift and go to state 47
    REFLEXIVO_LLAVE2 shift and go to state 48
    REFLEXIVO_LLAVE3 shift and go to state 49
    SIS_MEMORIA     shift and go to state 50
    SIS_CICLO       shift and go to state 51
    SIS_ENTIDAD     shift and go to state 52
    SIS_DESPERTAR   shift and go to state 53
    SIS_MUTANTE     shift and go to state 54
    INT_CONEXION    shift and go to state 55
    INT_DIALOGO     shift and go to state 56
    INT_RUPTURA     shift and go to state 57
    INT_NEXO        shift and go to state 58
    INT_META        shift and go to state 59
    RETROACCION     shift and go to state 60
    FLUJO_CICLICO   shift and go to state 61
    TEMPORALIDAD    shift and go to state 62
    PERSISTENCIA    shift and go to state 63
    INSTANTANEO     shift and go to state 64
    CADENCIA        shift and go to state 65
    NOT_LOGICO      shift and go to state 66
    PROBABILIDAD    shift and go to state 67
    EMERGENCIA      shift and go to state 68
    SUPERINDICE     shift and go to state 69
    SUBINDICE       shift and go to state 70
    PARENTESIS_FUERTE_ABRE shift and go to state 71
    PARENTESIS_FLUIDO_ABRE shift and go to state 72
    HALT            shift and go to state 73
    PURGE           shift and go to state 74
    ISOLATE         shift and go to state 75
    AUDIT           shift and go to state 76
    KILL            shift and go to state 77

    expresion                      shift and go to state 99

state 68

    (81) expresion -> EMERGENCIA . expresion
    (2) expresion -> . GLA
    (3) expresion -> . GLB
    (4) expresion -> . GLC
    (5) expresion -> . GLD
    (6) expresion -> . GLE
    (7) expresion -> . GLF
    (8) expresion -> . GLG
    (9) expresion -> . GLH
    (10) expresion -> . GLI
    (11) expresion -> . GLJ
    (12) expresion -> . GLK
    (13) expresion -> . GLL
    (14) expresion -> . GLM
    (15) expresion -> . GLN
    (16) expresion -> . GLO
    (17) expresion -> . GLP
    (18) expresion -> . GLQ
    (19) expresion -> . GLR
    (20) expresion -> . GLS
    (21) expresion -> . GLT
    (22) expresion -> . GLU
    (23) expresion -> . GLV
    (24) expresion -> . GLW
    (25) expresion -> . GLX
    (26) expresion -> . GLY
    (27) expresion -> . GLZ
    (28) expresion -> . GL1
    (29) expresion -> . GL2
    (30) expresion -> . GL3
    (31) expresion -> . GL4
    (32) expresion -> . GL5
    (33) expresion -> . GL6
    (34) expresion -> . GL7
    (35) expresion -> . GL8
    (36) expresion -> . GL9
    (37) expresion -> . GL10
    (38) expresion -> . GL11
    (39) expresion -> . GL12
    (40) expresion -> . GL13
    (41) expresion -> . GL14
    (42) expresion -> . REFLEXIVO_INICIO
    (43) expresion -> . REFLEXIVO_CLAUSURA
    (44) expresion -> . REFLEXIVO_FUEGO
    (45) expresion -> . REFLEXIVO_TIERRA
    (46) expresion -> . REFLEXIVO_LLAVE1
    (47) expresion -> . REFLEXIVO_LLAVE2
    (48) expresion -> . REFLEXIVO_LLAVE3
    (49) expresion -> . SIS_MEMORIA
    (50) expresion -> . SIS_CICLO
    (51) expresion -> . SIS_ENTIDAD
    (52) expresion -> . SIS_DESPERTAR
    (53) expresion -> . SIS_MUTANTE
    (54) expresion -> . INT_CONEXION
    (55) expresion -> . INT_DIALOGO
    (56) expresion -> . INT_RUPTURA
    (57) expresion -> . INT_NEXO
    (58) expresion -> . INT_META
    (59) expresion -> . expresion SUMA expresion
    (60) expresion -> . expresion RESTA expresion
    (61) expresion -> . expresion MULTIPLICACION expresion
    (62) expresion -> . expresion DIVISION expresion
    (63) expresion -> . expresion APROXIMACION expresion
    (64) expresion -> . expresion FUSION expresion
    (65) expresion -> . expresion COLISION expresion
    (66) expresion -> . expresion INTERCAMBIO expresion
    (67) expresion -> . expresion POTENCIACION expresion
    (68) expresion -> . expresion ATENUACION expresion
    (69) expresion -> . expresion RESULTADO expresion
    (70) expresion -> . expresion FLUJO_ORIENTADO expresion
    (71) expresion -> . RETROACCION expresion
    (72) expresion -> . FLUJO_CICLICO expresion
    (73) expresion -> . TEMPORALIDAD expresion
    (74) expresion -> . PERSISTENCIA expresion
    (75) expresion -> . INSTANTANEO expresion
    (76) expresion -> . CADENCIA expresion
    (77) expresion -> . expresion OR_LOGICO expresion
    (78) expresion -> . expresion AND_LOGICO expresion
    (79) expresion -> . NOT_LOGICO expresion
    (80) expresion -> . PROBABILIDAD expresion
    (81) expresion -> . EMERGENCIA expresion
    (82) expresion -> . SUPERINDICE expresion
    (83) expresion -> . SUBINDICE expresion
    (84) expresion -> . PARENTESIS_FUERTE_ABRE expresion PARENTESIS_FUERTE_CIERRA
    (85) expresion -> . PARENTESIS_FLUIDO_ABRE expresion PARENTESIS_FLUIDO_CIERRA
    (86) expresion -> . HALT
    (87) expresion -> . PURGE
    (88) expresion -> . ISOLATE
    (89) expresion -> . AUDIT
    (90) expresion -> . KILL

    GLA             shift and go to state 3
    GLB             shift and go to state 4
    GLC             shift and go to state 5
    GLD             shift and go to state 6
    GLE             shift and go to state 7
    GLF             shift and go to state 8
    GLG             shift and go to state 9
    GLH             shift and go to state 10
    GLI             shift and go to state 11
    GLJ             shift and go to state 12
    GLK             shift and go to state 13
    GLL             shift and go to state 14
    GLM             shift and go to state 15
    GLN             shift and go to state 16
    GLO             shift and go to state 17
    GLP             shift and go to state 18
    GLQ             shift and go to state 19
    GLR             shift and go to state 20
    GLS             shift and go to state 21
    GLT             shift and go to state 22
    GLU             shift and go to state 23
    GLV             shift and go to state 24
    GLW             shift and go to state 25
    GLX             shift and go to state 26
    GLY             shift and go to state 27
    GLZ             shift and go to state 28
    GL1             shift and go to state 29
    GL2             shift and go to state 30
    GL3             shift and go to state 31
    GL4             shift and go to state 32
    GL5             shift and go to state 33
    GL6             shift and go to state 34
    GL7             shift and go to state 35
    GL8             shift and go to state 36
    GL9             shift and go to state 37
    GL10            shift and go to state 38
    GL11            shift and go to state 39
    GL12            shift and go to state 40
    GL13            shift and go to state 41
    GL14            shift and go to state 42
    REFLEXIVO_INICIO shift and go to state 43
    REFLEXIVO_CLAUSURA shift and go to state 44
    REFLEXIVO_FUEGO shift and go to state 45
    REFLEXIVO_TIERRA shift and go to state 46
    REFLEXIVO_LLAVE1 shift and go to state 47
    REFLEXIVO_LLAVE2 shift and go to state 48
    REFLEXIVO_LLAVE3 shift and go to state 49
    SIS_MEMORIA     shift and go to state 50
    SIS_CICLO       shift and go to state 51
    SIS_ENTIDAD     shift and go to state 52
    SIS_DESPERTAR   shift and go to state 53
    SIS_MUTANTE     shift and go to state 54
    INT_CONEXION    shift and go to state 55
    INT_DIALOGO     shift and go to state 56
    INT_RUPTURA     shift and go to state 57
    INT_NEXO        shift and go to state 58
    INT_META        shift and go to state 59
    RETROACCION     shift and go to state 60
    FLUJO_CICLICO   shift and go to state 61
    TEMPORALIDAD    shift and go to state 62
    PERSISTENCIA    shift and go to state 63
    INSTANTANEO     shift and go to state 64
    CADENCIA        shift and go to state 65
    NOT_LOGICO      shift and go to state 66
    PROBABILIDAD    shift and go to state 67
    EMERGENCIA      shift and go to state 68
    SUPERINDICE     shift and go to state 69
    SUBINDICE       shift and go to state 70
    PARENTESIS_FUERTE_ABRE shift and go to state 71
    PARENTESIS_FLUIDO_ABRE shift and go to state 72
    HALT            shift and go to state 73
    PURGE           shift and go to state 74
    ISOLATE         shift and go to state 75
    AUDIT           shift and go to state 76
    KILL            shift and go to state 77

    expresion                      shift and go to state 100

state 69

    (82) expresion -> SUPERINDICE . expresion
    (2) expresion -> . GLA
    (3) expresion -> . GLB
    (4) expresion -> . GLC
    (5) expresion -> . GLD
    (6) expresion -> . GLE
    (7) expresion -> . GLF
    (8) expresion -> . GLG
    (9) expresion -> . GLH
    (10) expresion -> . GLI
    (11) expresion -> . GLJ
    (12) expresion -> . GLK
    (13) expresion -> . GLL
    (14) expresion -> . GLM
    (15) expresion -> . GLN
    (16) expresion -> . GLO
    (17) expresion -> . GLP
    (18) expresion -> . GLQ
    (19) expresion -> . GLR
    (20) expresion -> . GLS
    (21) expresion -> . GLT
    (22) expresion -> . GLU
    (23) expresion -> . GLV
    (24) expresion -> . GLW
    (25) expresion -> . GLX
    (26) expresion -> . GLY
    (27) expresion -> . GLZ
    (28) expresion -> . GL1
    (29) expresion -> . GL2
    (30) expresion -> . GL3
    (31) expresion -> . GL4
    (32) expresion -> . GL5
    (33) expresion -> . GL6
    (34) expresion -> . GL7
    (35) expresion -> . GL8
    (36) expresion -> . GL9
    (37) expresion -> . GL10
    (38) expresion -> . GL11
    (39) expresion -> . GL12
    (40) expresion -> . GL13
    (41) expresion -> . GL14
    (42) expresion -> . REFLEXIVO_INICIO
    (43) expresion -> . REFLEXIVO_CLAUSURA
    (44) expresion -> . REFLEXIVO_FUEGO
    (45) expresion -> . REFLEXIVO_TIERRA
    (46) expresion -> . REFLEXIVO_LLAVE1
    (47) expresion -> . REFLEXIVO_LLAVE2
    (48) expresion -> . REFLEXIVO_LLAVE3
    (49) expresion -> . SIS_MEMORIA
    (50) expresion -> . SIS_CICLO
    (51) expresion -> . SIS_ENTIDAD
    (52) expresion -> . SIS_DESPERTAR
    (53) expresion -> . SIS_MUTANTE
    (54) expresion -> . INT_CONEXION
    (55) expresion -> . INT_DIALOGO
    (56) expresion -> . INT_RUPTURA
    (57) expresion -> . INT_NEXO
    (58) expresion -> . INT_META
    (59) expresion -> . expresion SUMA expresion
    (60) expresion -> . expresion RESTA expresion
    (61) expresion -> . expresion MULTIPLICACION expresion
    (62) expresion -> . expresion DIVISION expresion
    (63) expresion -> . expresion APROXIMACION expresion
    (64) expresion -> . expresion FUSION expresion
    (65) expresion -> . expresion COLISION expresion
    (66) expresion -> . expresion INTERCAMBIO expresion
    (67) expresion -> . expresion POTENCIACION expresion
    (68) expresion -> . expresion ATENUACION expresion
    (69) expresion -> . expresion RESULTADO expresion
    (70) expresion -> . expresion FLUJO_ORIENTADO expresion
    (71) expresion -> . RETROACCION expresion
    (72) expresion -> . FLUJO_CICLICO expresion
    (73) expresion -> . TEMPORALIDAD expresion
    (74) expresion -> . PERSISTENCIA expresion
    (75) expresion -> . INSTANTANEO expresion
    (76) expresion -> . CADENCIA expresion
    (77) expresion -> . expresion OR_LOGICO expresion
    (78) expresion -> . expresion AND_LOGICO expresion
    (79) expresion -> . NOT_LOGICO expresion
    (80) expresion -> . PROBABILIDAD expresion
    (81) expresion -> . EMERGENCIA expresion
    (82) expresion -> . SUPERINDICE expresion
    (83) expresion -> . SUBINDICE expresion
    (84) expresion -> . PARENTESIS_FUERTE_ABRE expresion PARENTESIS_FUERTE_CIERRA
    (85) expresion -> . PARENTESIS_FLUIDO_ABRE expresion PARENTESIS_FLUIDO_CIERRA
    (86) expresion -> . HALT
    (87) expresion -> . PURGE
    (88) expresion -> . ISOLATE
    (89) expresion -> . AUDIT
    (90) expresion -> . KILL

    GLA             shift and go to state 3
    GLB             shift and go to state 4
    GLC             shift and go to state 5
    GLD             shift and go to state 6
    GLE             shift and go to state 7
    GLF             shift and go to state 8
    GLG             shift and go to state 9
    GLH             shift and go to state 10
    GLI             shift and go to state 11
    GLJ             shift and go to state 12
    GLK             shift and go to state 13
    GLL             shift and go to state 14
    GLM             shift and go to state 15
    GLN             shift and go to state 16
    GLO             shift and go to state 17
    GLP             shift and go to state 18
    GLQ             shift and go to state 19
    GLR             shift and go to state 20
    GLS             shift and go to state 21
    GLT             shift and go to state 22
    GLU             shift and go to state 23
    GLV             shift and go to state 24
    GLW             shift and go to state 25
    GLX             shift and go to state 26
    GLY             shift and go to state 27
    GLZ             shift and go to state 28
    GL1             shift and go to state 29
    GL2             shift and go to state 30
    GL3             shift and go to state 31
    GL4             shift and go to state 32
    GL5             shift and go to state 33
    GL6             shift and go to state 34
    GL7             shift and go to state 35
    GL8             shift and go to state 36
    GL9             shift and go to state 37
    GL10            shift and go to state 38
    GL11            shift and go to state 39
    GL12            shift and go to state 40
    GL13            shift and go to state 41
    GL14            shift and go to state 42
    REFLEXIVO_INICIO shift and go to state 43
    REFLEXIVO_CLAUSURA shift and go to state 44
    REFLEXIVO_FUEGO shift and go to state 45
    REFLEXIVO_TIERRA shift and go to state 46
    REFLEXIVO_LLAVE1 shift and go to state 47
    REFLEXIVO_LLAVE2 shift and go to state 48
    REFLEXIVO_LLAVE3 shift and go to state 49
    SIS_MEMORIA     shift and go to state 50
    SIS_CICLO       shift and go to state 51
    SIS_ENTIDAD     shift and go to state 52
    SIS_DESPERTAR   shift and go to state 53
    SIS_MUTANTE     shift and go to state 54
    INT_CONEXION    shift and go to state 55
    INT_DIALOGO     shift and go to state 56
    INT_RUPTURA     shift and go to state 57
    INT_NEXO        shift and go to state 58
    INT_META        shift and go to state 59
    RETROACCION     shift and go to state 60
    FLUJO_CICLICO   shift and go to state 61
    TEMPORALIDAD    shift and go to state 62
    PERSISTENCIA    shift and go to state 63
    INSTANTANEO     shift and go to state 64
    CADENCIA        shift and go to state 65
    NOT_LOGICO      shift and go to state 66
    PROBABILIDAD    shift and go to state 67
    EMERGENCIA      shift and go to state 68
    SUPERINDICE     shift and go to state 69
    SUBINDICE       shift and go to state 70
    PARENTESIS_FUERTE_ABRE shift and go to state 71
    PARENTESIS_FLUIDO_ABRE shift and go to state 72
    HALT            shift and go to state 73
    PURGE           shift and go to state 74
    ISOLATE         shift and go to state 75
    AUDIT           shift and go to state 76
    KILL            shift and go to state 77

    expresion                      shift and go to state 101

state 70

    (83) expresion -> SUBINDICE . expresion
    (2) expresion -> . GLA
    (3) expresion -> . GLB
    (4) expresion -> . GLC
    (5) expresion -> . GLD
    (6) expresion -> . GLE
    (7) expresion -> . GLF
    (8) expresion -> . GLG
    (9) expresion -> . GLH
    (10) expresion -> . GLI
    (11) expresion -> . GLJ
    (12) expresion -> . GLK
    (13) expresion -> . GLL
    (14) expresion -> . GLM
    (15) expresion -> . GLN
    (16) expresion -> . GLO
    (17) expresion -> . GLP
    (18) expresion -> . GLQ
    (19) expresion -> . GLR
    (20) expresion -> . GLS
    (21) expresion -> . GLT
    (22) expresion -> . GLU
    (23) expresion -> . GLV
    (24) expresion -> . GLW
    (25) expresion -> . GLX
    (26) expresion -> . GLY
    (27) expresion -> . GLZ
    (28) expresion -> . GL1
    (29) expresion -> . GL2
    (30) expresion -> . GL3
    (31) expresion -> . GL4
    (32) expresion -> . GL5
    (33) expresion -> . GL6
    (34) expresion -> . GL7
    (35) expresion -> . GL8
    (36) expresion -> . GL9
    (37) expresion -> . GL10
    (38) expresion -> . GL11
    (39) expresion -> . GL12
    (40) expresion -> . GL13
    (41) expresion -> . GL14
    (42) expresion -> . REFLEXIVO_INICIO
    (43) expresion -> . REFLEXIVO_CLAUSURA
    (44) expresion -> . REFLEXIVO_FUEGO
    (45) expresion -> . REFLEXIVO_TIERRA
    (46) expresion -> . REFLEXIVO_LLAVE1
    (47) expresion -> . REFLEXIVO_LLAVE2
    (48) expresion -> . REFLEXIVO_LLAVE3
    (49) expresion -> . SIS_MEMORIA
    (50) expresion -> . SIS_CICLO
    (51) expresion -> . SIS_ENTIDAD
    (52) expresion -> . SIS_DESPERTAR
    (53) expresion -> . SIS_MUTANTE
    (54) expresion -> . INT_CONEXION
    (55) expresion -> . INT_DIALOGO
    (56) expresion -> . INT_RUPTURA
    (57) expresion -> . INT_NEXO
    (58) expresion -> . INT_META
    (59) expresion -> . expresion SUMA expresion
    (60) expresion -> . expresion RESTA expresion
    (61) expresion -> . expresion MULTIPLICACION expresion
    (62) expresion -> . expresion DIVISION expresion
    (63) expresion -> . expresion APROXIMACION expresion
    (64) expresion -> . expresion FUSION expresion
    (65) expresion -> . expresion COLISION expresion
    (66) expresion -> . expresion INTERCAMBIO expresion
    (67) expresion -> . expresion POTENCIACION expresion
    (68) expresion -> . expresion ATENUACION expresion
    (69) expresion -> . expresion RESULTADO expresion
    (70) expresion -> . expresion FLUJO_ORIENTADO expresion
    (71) expresion -> . RETROACCION expresion
    (72) expresion -> . FLUJO_CICLICO expresion
    (73) expresion -> . TEMPORALIDAD expresion
    (74) expresion -> . PERSISTENCIA expresion
    (75) expresion -> . INSTANTANEO expresion
    (76) expresion -> . CADENCIA expresion
    (77) expresion -> . expresion OR_LOGICO expresion
    (78) expresion -> . expresion AND_LOGICO expresion
    (79) expresion -> . NOT_LOGICO expresion
    (80) expresion -> . PROBABILIDAD expresion
    (81) expresion -> . EMERGENCIA expresion
    (82) expresion -> . SUPERINDICE expresion
    (83) expresion -> . SUBINDICE expresion
    (84) expresion -> . PARENTESIS_FUERTE_ABRE expresion PARENTESIS_FUERTE_CIERRA
    (85) expresion -> . PARENTESIS_FLUIDO_ABRE expresion PARENTESIS_FLUIDO_CIERRA
    (86) expresion -> . HALT
    (87) expresion -> . PURGE
    (88) expresion -> . ISOLATE
    (89) expresion -> . AUDIT
    (90) expresion -> . KILL

    GLA             shift and go to state 3
    GLB             shift and go to state 4
    GLC             shift and go to state 5
    GLD             shift and go to state 6
    GLE             shift and go to state 7
    GLF             shift and go to state 8
    GLG             shift and go to state 9
    GLH             shift and go to state 10
    GLI             shift and go to state 11
    GLJ             shift and go to state 12
    GLK             shift and go to state 13
    GLL             shift and go to state 14
    GLM             shift and go to state 15
    GLN             shift and go to state 16
    GLO             shift and go to state 17
    GLP             shift and go to state 18
    GLQ             shift and go to state 19
    GLR             shift and go to state 20
    GLS             shift and go to state 21
    GLT             shift and go to state 22
    GLU             shift and go to state 23
    GLV             shift and go to state 24
    GLW             shift and go to state 25
    GLX             shift and go to state 26
    GLY             shift and go to state 27
    GLZ             shift and go to state 28
    GL1             shift and go to state 29
    GL2             shift and go to state 30
    GL3             shift and go to state 31
    GL4             shift and go to state 32
    GL5             shift and go to state 33
    GL6             shift and go to state 34
    GL7             shift and go to state 35
    GL8             shift and go to state 36
    GL9             shift and go to state 37
    GL10            shift and go to state 38
    GL11            shift and go to state 39
    GL12            shift and go to state 40
    GL13            shift and go to state 41
    GL14            shift and go to state 42
    REFLEXIVO_INICIO shift and go to state 43
    REFLEXIVO_CLAUSURA shift and go to state 44
    REFLEXIVO_FUEGO shift and go to state 45
    REFLEXIVO_TIERRA shift and go to state 46
    REFLEXIVO_LLAVE1 shift and go to state 47
    REFLEXIVO_LLAVE2 shift and go to state 48
    REFLEXIVO_LLAVE3 shift and go to state 49
    SIS_MEMORIA     shift and go to state 50
    SIS_CICLO       shift and go to state 51
    SIS_ENTIDAD     shift and go to state 52
    SIS_DESPERTAR   shift and go to state 53
    SIS_MUTANTE     shift and go to state 54
    INT_CONEXION    shift and go to state 55
    INT_DIALOGO     shift and go to state 56
    INT_RUPTURA     shift and go to state 57
    INT_NEXO        shift and go to state 58
    INT_META        shift and go to state 59
    RETROACCION     shift and go to state 60
    FLUJO_CICLICO   shift and go to state 61
    TEMPORALIDAD    shift and go to state 62
    PERSISTENCIA    shift and go to state 63
    INSTANTANEO     shift and go to state 64
    CADENCIA        shift and go to state 65
    NOT_LOGICO      shift and go to state 66
    PROBABILIDAD    shift and go to state 67
    EMERGENCIA      shift and go to state 68
    SUPERINDICE     shift and go to state 69
    SUBINDICE       shift and go to state 70
    PARENTESIS_FUERTE_ABRE shift and go to state 71
    PARENTESIS_FLUIDO_ABRE shift and go to state 72
    HALT            shift and go to state 73
    PURGE           shift and go to state 74
    ISOLATE         shift and go to state 75
    AUDIT           shift and go to state 76
    KILL            shift and go to state 77

    expresion                      shift and go to state 102

state 71

    (84) expresion -> PARENTESIS_FUERTE_ABRE . expresion PARENTESIS_FUERTE_CIERRA
    (2) expresion -> . GLA
    (3) expresion -> . GLB
    (4) expresion -> . GLC
    (5) expresion -> . GLD
    (6) expresion -> . GLE
    (7) expresion -> . GLF
    (8) expresion -> . GLG
    (9) expresion -> . GLH
    (10) expresion -> . GLI
    (11) expresion -> . GLJ
    (12) expresion -> . GLK
    (13) expresion -> . GLL
    (14) expresion -> . GLM
    (15) expresion -> . GLN
    (16) expresion -> . GLO
    (17) expresion -> . GLP
    (18) expresion -> . GLQ
    (19) expresion -> . GLR
    (20) expresion -> . GLS
    (21) expresion -> . GLT
    (22) expresion -> . GLU
    (23) expresion -> . GLV
    (24) expresion -> . GLW
    (25) expresion -> . GLX
    (26) expresion -> . GLY
    (27) expresion -> . GLZ
    (28) expresion -> . GL1
    (29) expresion -> . GL2
    (30) expresion -> . GL3
    (31) expresion -> . GL4
    (32) expresion -> . GL5
    (33) expresion -> . GL6
    (34) expresion -> . GL7
    (35) expresion -> . GL8
    (36) expresion -> . GL9
    (37) expresion -> . GL10
    (38) expresion -> . GL11
    (39) expresion -> . GL12
    (40) expresion -> . GL13
    (41) expresion -> . GL14
    (42) expresion -> . REFLEXIVO_INICIO
    (43) expresion -> . REFLEXIVO_CLAUSURA
    (44) expresion -> . REFLEXIVO_FUEGO
    (45) expresion -> . REFLEXIVO_TIERRA
    (46) expresion -> . REFLEXIVO_LLAVE1
    (47) expresion -> . REFLEXIVO_LLAVE2
    (48) expresion -> . REFLEXIVO_LLAVE3
    (49) expresion -> . SIS_MEMORIA
    (50) expresion -> . SIS_CICLO
    (51) expresion -> . SIS_ENTIDAD
    (52) expresion -> . SIS_DESPERTAR
    (53) expresion -> . SIS_MUTANTE
    (54) expresion -> . INT_CONEXION
    (55) expresion -> . INT_DIALOGO
    (56) expresion -> . INT_RUPTURA
    (57) expresion -> . INT_NEXO
    (58) expresion -> . INT_META
    (59) expresion -> . expresion SUMA expresion
    (60) expresion -> . expresion RESTA expresion
    (61) expresion -> . expresion MULTIPLICACION expresion
    (62) expresion -> . expresion DIVISION expresion
    (63) expresion -> . expresion APROXIMACION expresion
    (64) expresion -> . expresion FUSION expresion
    (65) expresion -> . expresion COLISION expresion
    (66) expresion -> . expresion INTERCAMBIO expresion
    (67) expresion -> . expresion POTENCIACION expresion
    (68) expresion -> . expresion ATENUACION expresion
    (69) expresion -> . expresion RESULTADO expresion
    (70) expresion -> . expresion FLUJO_ORIENTADO expresion
    (71) expresion -> . RETROACCION expresion
    (72) expresion -> . FLUJO_CICLICO expresion
    (73) expresion -> . TEMPORALIDAD expresion
    (74) expresion -> . PERSISTENCIA expresion
    (75) expresion -> . INSTANTANEO expresion
    (76) expresion -> . CADENCIA expresion
    (77) expresion -> . expresion OR_LOGICO expresion
    (78) expresion -> . expresion AND_LOGICO expresion
    (79) expresion -> . NOT_LOGICO expresion
    (80) expresion -> . PROBABILIDAD expresion
    (81) expresion -> . EMERGENCIA expresion
    (82) expresion -> . SUPERINDICE expresion
    (83) expresion -> . SUBINDICE expresion
    (84) expresion -> . PARENTESIS_FUERTE_ABRE expresion PARENTESIS_FUERTE_CIERRA
    (85) expresion -> . PARENTESIS_FLUIDO_ABRE expresion PARENTESIS_FLUIDO_CIERRA
    (86) expresion -> . HALT
    (87) expresion -> . PURGE
    (88) expresion -> . ISOLATE
    (89) expresion -> . AUDIT
    (90) expresion -> . KILL

    GLA             shift and go to state 3
    GLB             shift and go to state 4
    GLC             shift and go to state 5
    GLD             shift and go to state 6
    GLE             shift and go to state 7
    GLF             shift and go to state 8
    GLG             shift and go to state 9
    GLH             shift and go to state 10
    GLI             shift and go to state 11
    GLJ             shift and go to state 12
    GLK             shift and go to state 13
    GLL             shift and go to state 14
    GLM             shift and go to state 15
    GLN             shift and go to state 16
    GLO             shift and go to state 17
    GLP             shift and go to state 18
    GLQ             shift and go to state 19
    GLR             shift and go to state 20
    GLS             shift and go to state 21
    GLT             shift and go to state 22
    GLU             shift and go to state 23
    GLV             shift and go to state 24
    GLW             shift and go to state 25
    GLX             shift and go to state 26
    GLY             shift and go to state 27
    GLZ             shift and go to state 28
    GL1             shift and go to state 29
    GL2             shift and go to state 30
    GL3             shift and go to state 31
    GL4             shift and go to state 32
    GL5             shift and go to state 33
    GL6             shift and go to state 34
    GL7             shift and go to state 35
    GL8             shift and go to state 36
    GL9             shift and go to state 37
    GL10            shift and go to state 38
    GL11            shift and go to state 39
    GL12            shift and go to state 40
    GL13            shift and go to state 41
    GL14            shift and go to state 42
    REFLEXIVO_INICIO shift and go to state 43
    REFLEXIVO_CLAUSURA shift and go to state 44
    REFLEXIVO_FUEGO shift and go to state 45
    REFLEXIVO_TIERRA shift and go to state 46
    REFLEXIVO_LLAVE1 shift and go to state 47
    REFLEXIVO_LLAVE2 shift and go to state 48
    REFLEXIVO_LLAVE3 shift and go to state 49
    SIS_MEMORIA     shift and go to state 50
    SIS_CICLO       shift and go to state 51
    SIS_ENTIDAD     shift and go to state 52
    SIS_DESPERTAR   shift and go to state 53
    SIS_MUTANTE     shift and go to state 54
    INT_CONEXION    shift and go to state 55
    INT_DIALOGO     shift and go to state 56
    INT_RUPTURA     shift and go to state 57
    INT_NEXO        shift and go to state 58
    INT_META        shift and go to state 59
    RETROACCION     shift and go to state 60
    FLUJO_CICLICO   shift and go to state 61
    TEMPORALIDAD    shift and go to state 62
    PERSISTENCIA    shift and go to state 63
    INSTANTANEO     shift and go to state 64
    CADENCIA        shift and go to state 65
    NOT_LOGICO      shift and go to state 66
    PROBABILIDAD    shift and go to state 67
    EMERGENCIA      shift and go to state 68
    SUPERINDICE     shift and go to state 69
    SUBINDICE       shift and go to state 70
    PARENTESIS_FUERTE_ABRE shift and go to state 71
    PARENTESIS_FLUIDO_ABRE shift and go to state 72
    HALT            shift and go to state 73
    PURGE           shift and go to state 74
    ISOLATE         shift and go to state 75
    AUDIT           shift and go to state 76
    KILL            shift and go to state 77

    expresion                      shift and go to state 103

state 72

    (85) expresion -> PARENTESIS_FLUIDO_ABRE . expresion PARENTESIS_FLUIDO_CIERRA
    (2) expresion -> . GLA
    (3) expresion -> . GLB
    (4) expresion -> . GLC
    (5) expresion -> . GLD
    (6) expresion -> . GLE
    (7) expresion -> . GLF
    (8) expresion -> . GLG
    (9) expresion -> . GLH
    (10) expresion -> . GLI
    (11) expresion -> . GLJ
    (12) expresion -> . GLK
    (13) expresion -> . GLL
    (14) expresion -> . GLM
    (15) expresion -> . GLN
    (16) expresion -> . GLO
    (17) expresion -> . GLP
    (18) expresion -> . GLQ
    (19) expresion -> . GLR
    (20) expresion -> . GLS
    (21) expresion -> . GLT
    (22) expresion -> . GLU
    (23) expresion -> . GLV
    (24) expresion -> . GLW
    (25) expresion -> . GLX
    (26) expresion -> . GLY
    (27) expresion -> . GLZ
    (28) expresion -> . GL1
    (29) expresion -> . GL2
    (30) expresion -> . GL3
    (31) expresion -> . GL4
    (32) expresion -> . GL5
    (33) expresion -> . GL6
    (34) expresion -> . GL7
    (35) expresion -> . GL8
    (36) expresion -> . GL9
    (37) expresion -> . GL10
    (38) expresion -> . GL11
    (39) expresion -> . GL12
    (40) expresion -> . GL13
    (41) expresion -> . GL14
    (42) expresion -> . REFLEXIVO_INICIO
    (43) expresion -> . REFLEXIVO_CLAUSURA
    (44) expresion -> . REFLEXIVO_FUEGO
    (45) expresion -> . REFLEXIVO_TIERRA
    (46) expresion -> . REFLEXIVO_LLAVE1
    (47) expresion -> . REFLEXIVO_LLAVE2
    (48) expresion -> . REFLEXIVO_LLAVE3
    (49) expresion -> . SIS_MEMORIA
    (50) expresion -> . SIS_CICLO
    (51) expresion -> . SIS_ENTIDAD
    (52) expresion -> . SIS_DESPERTAR
    (53) expresion -> . SIS_MUTANTE
    (54) expresion -> . INT_CONEXION
    (55) expresion -> . INT_DIALOGO
    (56) expresion -> . INT_RUPTURA
    (57) expresion -> . INT_NEXO
    (58) expresion -> . INT_META
    (59) expresion -> . expresion SUMA expresion
    (60) expresion -> . expresion RESTA expresion
    (61) expresion -> . expresion MULTIPLICACION expresion
    (62) expresion -> . expresion DIVISION expresion
    (63) expresion -> . expresion APROXIMACION expresion
    (64) expresion -> . expresion FUSION expresion
    (65) expresion -> . expresion COLISION expresion
    (66) expresion -> . expresion INTERCAMBIO expresion
    (67) expresion -> . expresion POTENCIACION expresion
    (68) expresion -> . expresion ATENUACION expresion
    (69) expresion -> . expresion RESULTADO expresion
    (70) expresion -> . expresion FLUJO_ORIENTADO expresion
    (71) expresion -> . RETROACCION expresion
    (72) expresion -> . FLUJO_CICLICO expresion
    (73) expresion -> . TEMPORALIDAD expresion
    (74) expresion -> . PERSISTENCIA expresion
    (75) expresion -> . INSTANTANEO expresion
    (76) expresion -> . CADENCIA expresion
    (77) expresion -> . expresion OR_LOGICO expresion
    (78) expresion -> . expresion AND_LOGICO expresion
    (79) expresion -> . NOT_LOGICO expresion
    (80) expresion -> . PROBABILIDAD expresion
    (81) expresion -> . EMERGENCIA expresion
    (82) expresion -> . SUPERINDICE expresion
    (83) expresion -> . SUBINDICE expresion
    (84) expresion -> . PARENTESIS_FUERTE_ABRE expresion PARENTESIS_FUERTE_CIERRA
    (85) expresion -> . PARENTESIS_FLUIDO_ABRE expresion PARENTESIS_FLUIDO_CIERRA
    (86) expresion -> . HALT
    (87) expresion -> . PURGE
    (88) expresion -> . ISOLATE
    (89) expresion -> . AUDIT
    (90) expresion -> . KILL

    GLA             shift and go to state 3
    GLB             shift and go to state 4
    GLC             shift and go to state 5
    GLD             shift and go to state 6
    GLE             shift and go to state 7
    GLF             shift and go to state 8
    GLG             shift and go to state 9
    GLH             shift and go to state 10
    GLI             shift and go to state 11
    GLJ             shift and go to state 12
    GLK             shift and go to state 13
    GLL             shift and go to state 14
    GLM             shift and go to state 15
    GLN             shift and go to state 16
    GLO             shift and go to state 17
    GLP             shift and go to state 18
    GLQ             shift and go to state 19
    GLR             shift and go to state 20
    GLS             shift and go to state 21
    GLT             shift and go to state 22
    GLU             shift and go to state 23
    GLV             shift and go to state 24
    GLW             shift and go to state 25
    GLX             shift and go to state 26
    GLY             shift and go to state 27
    GLZ             shift and go to state 28
    GL1             shift and go to state 29
    GL2             shift and go to state 30
    GL3             shift and go to state 31
    GL4             shift and go to state 32
    GL5             shift and go to state 33
    GL6             shift and go to state 34
    GL7             shift and go to state 35
    GL8             shift and go to state 36
    GL9             shift and go to state 37
    GL10            shift and go to state 38
    GL11            shift and go to state 39
    GL12            shift and go to state 40
    GL13            shift and go to state 41
    GL14            shift and go to state 42
    REFLEXIVO_INICIO shift and go to state 43
    REFLEXIVO_CLAUSURA shift and go to state 44
    REFLEXIVO_FUEGO shift and go to state 45
    REFLEXIVO_TIERRA shift and go to state 46
    REFLEXIVO_LLAVE1 shift and go to state 47
    REFLEXIVO_LLAVE2 shift and go to state 48
    REFLEXIVO_LLAVE3 shift and go to state 49
    SIS_MEMORIA     shift and go to state 50
    SIS_CICLO       shift and go to state 51
    SIS_ENTIDAD     shift and go to state 52
    SIS_DESPERTAR   shift and go to state 53
    SIS_MUTANTE     shift and go to state 54
    INT_CONEXION    shift and go to state 55
    INT_DIALOGO     shift and go to state 56
    INT_RUPTURA     shift and go to state 57
    INT_NEXO        shift and go to state 58
    INT_META        shift and go to state 59
    RETROACCION     shift and go to state 60
    FLUJO_CICLICO   shift and go to state 61
    TEMPORALIDAD    shift and go to state 62
    PERSISTENCIA    shift and go to state 63
    INSTANTANEO     shift and go to state 64
    CADENCIA        shift and go to state 65
    NOT_LOGICO      shift and go to state 66
    PROBABILIDAD    shift and go to state 67
    EMERGENCIA      shift and go to state 68
    SUPERINDICE     shift and go to state 69
    SUBINDICE       shift and go to state 70
    PARENTESIS_FUERTE_ABRE shift and go to state 71
    PARENTESIS_FLUIDO_ABRE shift and go to state 72
    HALT            shift and go to state 73
    PURGE           shift and go to state 74
    ISOLATE         shift and go to state 75
    AUDIT           shift and go to state 76
    KILL            shift and go to state 77

    expresion                      shift and go to state 104

state 73

    (86) expresion -> HALT .

    SUMA            reduce using rule 86 (expresion -> HALT .)
    RESTA           reduce using rule 86 (expresion -> HALT .)
    MULTIPLICACION  reduce using rule 86 (expresion -> HALT .)
    DIVISION        reduce using rule 86 (expresion -> HALT .)
    APROXIMACION    reduce using rule 86 (expresion -> HALT .)
    FUSION          reduce using rule 86 (expresion -> HALT .)
    COLISION        reduce using rule 86 (expresion -> HALT .)
    INTERCAMBIO     reduce using rule 86 (expresion -> HALT .)
    POTENCIACION    reduce using rule 86 (expresion -> HALT .)
    ATENUACION      reduce using rule 86 (expresion -> HALT .)
    RESULTADO       reduce using rule 86 (expresion -> HALT .)
    FLUJO_ORIENTADO reduce using rule 86 (expresion -> HALT .)
    OR_LOGICO       reduce using rule 86 (expresion -> HALT .)
    AND_LOGICO      reduce using rule 86 (expresion -> HALT .)
    $end            reduce using rule 86 (expresion -> HALT .)
    PARENTESIS_FUERTE_CIERRA reduce using rule 86 (expresion -> HALT .)
    PARENTESIS_FLUIDO_CIERRA reduce using rule 86 (expresion -> HALT .)


state 74

    (87) expresion -> PURGE .

    SUMA            reduce using rule 87 (expresion -> PURGE .)
    RESTA           reduce using rule 87 (expresion -> PURGE .)
    MULTIPLICACION  reduce using rule 87 (expresion -> PURGE .)
    DIVISION        reduce using rule 87 (expresion -> PURGE .)
    APROXIMACION    reduce using rule 87 (expresion -> PURGE .)
    FUSION          reduce using rule 87 (expresion -> PURGE .)
    COLISION        reduce using rule 87 (expresion -> PURGE .)
    INTERCAMBIO     reduce using rule 87 (expresion -> PURGE .)
    POTENCIACION    reduce using rule 87 (expresion -> PURGE .)
    ATENUACION      reduce using rule 87 (expresion -> PURGE .)
    RESULTADO       reduce using rule 87 (expresion -> PURGE .)
    FLUJO_ORIENTADO reduce using rule 87 (expresion -> PURGE .)
    OR_LOGICO       reduce using rule 87 (expresion -> PURGE .)
    AND_LOGICO      reduce using rule 87 (expresion -> PURGE .)
    $end            reduce using rule 87 (expresion -> PURGE .)
    PARENTESIS_FUERTE_CIERRA reduce using rule 87 (expresion -> PURGE .)
    PARENTESIS_FLUIDO_CIERRA reduce using rule 87 (expresion -> PURGE .)


state 75

    (88) expresion -> ISOLATE .

    SUMA            reduce using rule 88 (expresion -> ISOLATE .)
    RESTA           reduce using rule 88 (expresion -> ISOLATE .)
    MULTIPLICACION  reduce using rule 88 (expresion -> ISOLATE .)
    DIVISION        reduce using rule 88 (expresion -> ISOLATE .)
    APROXIMACION    reduce using rule 88 (expresion -> ISOLATE .)
    FUSION          reduce using rule 88 (expresion -> ISOLATE .)
    COLISION        reduce using rule 88 (expresion -> ISOLATE .)
    INTERCAMBIO     reduce using rule 88 (expresion -> ISOLATE .)
    POTENCIACION    reduce using rule 88 (expresion -> ISOLATE .)
    ATENUACION      reduce using rule 88 (expresion -> ISOLATE .)
    RESULTADO       reduce using rule 88 (expresion -> ISOLATE .)
    FLUJO_ORIENTADO reduce using rule 88 (expresion -> ISOLATE .)
    OR_LOGICO       reduce using rule 88 (expresion -> ISOLATE .)
    AND_LOGICO      reduce using rule 88 (expresion -> ISOLATE .)
    $end            reduce using rule 88 (expresion -> ISOLATE .)
    PARENTESIS_FUERTE_CIERRA reduce using rule 88 (expresion -> ISOLATE .)
    PARENTESIS_FLUIDO_CIERRA reduce using rule 88 (expresion -> ISOLATE .)


state 76

    (89) expresion -> AUDIT .

    SUMA            reduce using rule 89 (expresion -> AUDIT .)
    RESTA           reduce using rule 89 (expresion -> AUDIT .)
    MULTIPLICACION  reduce using rule 89 (expresion -> AUDIT .)
    DIVISION        reduce using rule 89 (expresion -> AUDIT .)
    APROXIMACION    reduce using rule 89 (expresion -> AUDIT .)
    FUSION          reduce using rule 89 (expresion -> AUDIT .)
    COLISION        reduce using rule 89 (expresion -> AUDIT .)
    INTERCAMBIO     reduce using rule 89 (expresion -> AUDIT .)
    POTENCIACION    reduce using rule 89 (expresion -> AUDIT .)
    ATENUACION      reduce using rule 89 (expresion -> AUDIT .)
    RESULTADO       reduce using rule 89 (expresion -> AUDIT .)
    FLUJO_ORIENTADO reduce using rule 89 (expresion -> AUDIT .)
    OR_LOGICO       reduce using rule 89 (expresion -> AUDIT .)
    AND_LOGICO      reduce using rule 89 (expresion -> AUDIT .)
    $end            reduce using rule 89 (expresion -> AUDIT .)
    PARENTESIS_FUERTE_CIERRA reduce using rule 89 (expresion -> AUDIT .)
    PARENTESIS_FLUIDO_CIERRA reduce using rule 89 (expresion -> AUDIT .)


state 77

    (90) expresion -> KILL .

    SUMA            reduce using rule 90 (expresion -> KILL .)
    RESTA           reduce using rule 90 (expresion -> KILL .)
    MULTIPLICACION  reduce using rule 90 (expresion -> KILL .)
    DIVISION        reduce using rule 90 (expresion -> KILL .)
    APROXIMACION    reduce using rule 90 (expresion -> KILL .)
    FUSION          reduce using rule 90 (expresion -> KILL .)
    COLISION        reduce using rule 90 (expresion -> KILL .)
    INTERCAMBIO     reduce using rule 90 (expresion -> KILL .)
    POTENCIACION    reduce using rule 90 (expresion -> KILL .)
    ATENUACION      reduce using rule 90 (expresion -> KILL .)
    RESULTADO       reduce using rule 90 (expresion -> KILL .)
    FLUJO_ORIENTADO reduce using rule 90 (expresion -> KILL .)
    OR_LOGICO       reduce using rule 90 (expresion -> KILL .)
    AND_LOGICO      reduce using rule 90 (expresion -> KILL .)
    $end            reduce using rule 90 (expresion -> KILL .)
    PARENTESIS_FUERTE_CIERRA reduce using rule 90 (expresion -> KILL .)
    PARENTESIS_FLUIDO_CIERRA reduce using rule 90 (expresion -> KILL .)


state 78

    (59) expresion -> expresion SUMA . expresion
    (2) expresion -> . GLA
    (3) expresion -> . GLB
    (4) expresion -> . GLC
    (5) expresion -> . GLD
    (6) expresion -> . GLE
    (7) expresion -> . GLF
    (8) expresion -> . GLG
    (9) expresion -> . GLH
    (10) expresion -> . GLI
    (11) expresion -> . GLJ
    (12) expresion -> . GLK
    (13) expresion -> . GLL
    (14) expresion -> . GLM
    (15) expresion -> . GLN
    (16) expresion -> . GLO
    (17) expresion -> . GLP
    (18) expresion -> . GLQ
    (19) expresion -> . GLR
    (20) expresion -> . GLS
    (21) expresion -> . GLT
    (22) expresion -> . GLU
    (23) expresion -> . GLV
    (24) expresion -> . GLW
    (25) expresion -> . GLX
    (26) expresion -> . GLY
    (27) expresion -> . GLZ
    (28) expresion -> . GL1
    (29) expresion -> . GL2
    (30) expresion -> . GL3
    (31) expresion -> . GL4
    (32) expresion -> . GL5
    (33) expresion -> . GL6
    (34) expresion -> . GL7
    (35) expresion -> . GL8
    (36) expresion -> . GL9
    (37) expresion -> . GL10
    (38) expresion -> . GL11
    (39) expresion -> . GL12
    (40) expresion -> . GL13
    (41) expresion -> . GL14
    (42) expresion -> . REFLEXIVO_INICIO
    (43) expresion -> . REFLEXIVO_CLAUSURA
    (44) expresion -> . REFLEXIVO_FUEGO
    (45) expresion -> . REFLEXIVO_TIERRA
    (46) expresion -> . REFLEXIVO_LLAVE1
    (47) expresion -> . REFLEXIVO_LLAVE2
    (48) expresion -> . REFLEXIVO_LLAVE3
    (49) expresion -> . SIS_MEMORIA
    (50) expresion -> . SIS_CICLO
    (51) expresion -> . SIS_ENTIDAD
    (52) expresion -> . SIS_DESPERTAR
    (53) expresion -> . SIS_MUTANTE
    (54) expresion -> . INT_CONEXION
    (55) expresion -> . INT_DIALOGO
    (56) expresion -> . INT_RUPTURA
    (57) expresion -> . INT_NEXO
    (58) expresion -> . INT_META
    (59) expresion -> . expresion SUMA expresion
    (60) expresion -> . expresion RESTA expresion
    (61) expresion -> . expresion MULTIPLICACION expresion
    (62) expresion -> . expresion DIVISION expresion
    (63) expresion -> . expresion APROXIMACION expresion
    (64) expresion -> . expresion FUSION expresion
    (65) expresion -> . expresion COLISION expresion
    (66) expresion -> . expresion INTERCAMBIO expresion
    (67) expresion -> . expresion POTENCIACION expresion
    (68) expresion -> . expresion ATENUACION expresion
    (69) expresion -> . expresion RESULTADO expresion
    (70) expresion -> . expresion FLUJO_ORIENTADO expresion
    (71) expresion -> . RETROACCION expresion
    (72) expresion -> . FLUJO_CICLICO expresion
    (73) expresion -> . TEMPORALIDAD expresion
    (74) expresion -> . PERSISTENCIA expresion
    (75) expresion -> . INSTANTANEO expresion
    (76) expresion -> . CADENCIA expresion
    (77) expresion -> . expresion OR_LOGICO expresion
    (78) expresion -> . expresion AND_LOGICO expresion
    (79) expresion -> . NOT_LOGICO expresion
    (80) expresion -> . PROBABILIDAD expresion
    (81) expresion -> . EMERGENCIA expresion
    (82) expresion -> . SUPERINDICE expresion
    (83) expresion -> . SUBINDICE expresion
    (84) expresion -> . PARENTESIS_FUERTE_ABRE expresion PARENTESIS_FUERTE_CIERRA
    (85) expresion -> . PARENTESIS_FLUIDO_ABRE expresion PARENTESIS_FLUIDO_CIERRA
    (86) expresion -> . HALT
    (87) expresion -> . PURGE
    (88) expresion -> . ISOLATE
    (89) expresion -> . AUDIT
    (90) expresion -> . KILL

    GLA             shift and go to state 3
    GLB             shift and go to state 4
    GLC             shift and go to state 5
    GLD             shift and go to state 6
    GLE             shift and go to state 7
    GLF             shift and go to state 8
    GLG             shift and go to state 9
    GLH             shift and go to state 10
    GLI             shift and go to state 11
    GLJ             shift and go to state 12
    GLK             shift and go to state 13
    GLL             shift and go to state 14
    GLM             shift and go to state 15
    GLN             shift and go to state 16
    GLO             shift and go to state 17
    GLP             shift and go to state 18
    GLQ             shift and go to state 19
    GLR             shift and go to state 20
    GLS             shift and go to state 21
    GLT             shift and go to state 22
    GLU             shift and go to state 23
    GLV             shift and go to state 24
    GLW             shift and go to state 25
    GLX             shift and go to state 26
    GLY             shift and go to state 27
    GLZ             shift and go to state 28
    GL1             shift and go to state 29
    GL2             shift and go to state 30
    GL3             shift and go to state 31
    GL4             shift and go to state 32
    GL5             shift and go to state 33
    GL6             shift and go to state 34
    GL7             shift and go to state 35
    GL8             shift and go to state 36
    GL9             shift and go to state 37
    GL10            shift and go to state 38
    GL11            shift and go to state 39
    GL12            shift and go to state 40
    GL13            shift and go to state 41
    GL14            shift and go to state 42
    REFLEXIVO_INICIO shift and go to state 43
    REFLEXIVO_CLAUSURA shift and go to state 44
    REFLEXIVO_FUEGO shift and go to state 45
    REFLEXIVO_TIERRA shift and go to state 46
    REFLEXIVO_LLAVE1 shift and go to state 47
    REFLEXIVO_LLAVE2 shift and go to state 48
    REFLEXIVO_LLAVE3 shift and go to state 49
    SIS_MEMORIA     shift and go to state 50
    SIS_CICLO       shift and go to state 51
    SIS_ENTIDAD     shift and go to state 52
    SIS_DESPERTAR   shift and go to state 53
    SIS_MUTANTE     shift and go to state 54
    INT_CONEXION    shift and go to state 55
    INT_DIALOGO     shift and go to state 56
    INT_RUPTURA     shift and go to state 57
    INT_NEXO        shift and go to state 58
    INT_META        shift and go to state 59
    RETROACCION     shift and go to state 60
    FLUJO_CICLICO   shift and go to state 61
    TEMPORALIDAD    shift and go to state 62
    PERSISTENCIA    shift and go to state 63
    INSTANTANEO     shift and go to state 64
    CADENCIA        shift and go to state 65
    NOT_LOGICO      shift and go to state 66
    PROBABILIDAD    shift and go to state 67
    EMERGENCIA      shift and go to state 68
    SUPERINDICE     shift and go to state 69
    SUBINDICE       shift and go to state 70
    PARENTESIS_FUERTE_ABRE shift and go to state 71
    PARENTESIS_FLUIDO_ABRE shift and go to state 72
    HALT            shift and go to state 73
    PURGE           shift and go to state 74
    ISOLATE         shift and go to state 75
    AUDIT           shift and go to state 76
    KILL            shift and go to state 77

    expresion                      shift and go to state 105

state 79

    (60) expresion -> expresion RESTA . expresion
    (2) expresion -> . GLA
    (3) expresion -> . GLB
    (4) expresion -> . GLC
    (5) expresion -> . GLD
    (6) expresion -> . GLE
    (7) expresion -> . GLF
    (8) expresion -> . GLG
    (9) expresion -> . GLH
    (10) expresion -> . GLI
    (11) expresion -> . GLJ
    (12) expresion -> . GLK
    (13) expresion -> . GLL
    (14) expresion -> . GLM
    (15) expresion -> . GLN
    (16) expresion -> . GLO
    (17) expresion -> . GLP
    (18) expresion -> . GLQ
    (19) expresion -> . GLR
    (20) expresion -> . GLS
    (21) expresion -> . GLT
    (22) expresion -> . GLU
    (23) expresion -> . GLV
    (24) expresion -> . GLW
    (25) expresion -> . GLX
    (26) expresion -> . GLY
    (27) expresion -> . GLZ
    (28) expresion -> . GL1
    (29) expresion -> . GL2
    (30) expresion -> . GL3
    (31) expresion -> . GL4
    (32) expresion -> . GL5
    (33) expresion -> . GL6
    (34) expresion -> . GL7
    (35) expresion -> . GL8
    (36) expresion -> . GL9
    (37) expresion -> . GL10
    (38) expresion -> . GL11
    (39) expresion -> . GL12
    (40) expresion -> . GL13
    (41) expresion -> . GL14
    (42) expresion -> . REFLEXIVO_INICIO
    (43) expresion -> . REFLEXIVO_CLAUSURA
    (44) expresion -> . REFLEXIVO_FUEGO
    (45) expresion -> . REFLEXIVO_TIERRA
    (46) expresion -> . REFLEXIVO_LLAVE1
    (47) expresion -> . REFLEXIVO_LLAVE2
    (48) expresion -> . REFLEXIVO_LLAVE3
    (49) expresion -> . SIS_MEMORIA
    (50) expresion -> . SIS_CICLO
    (51) expresion -> . SIS_ENTIDAD
    (52) expresion -> . SIS_DESPERTAR
    (53) expresion -> . SIS_MUTANTE
    (54) expresion -> . INT_CONEXION
    (55) expresion -> . INT_DIALOGO
    (56) expresion -> . INT_RUPTURA
    (57) expresion -> . INT_NEXO
    (58) expresion -> . INT_META
    (59) expresion -> . expresion SUMA expresion
    (60) expresion -> . expresion RESTA expresion
    (61) expresion -> . expresion MULTIPLICACION expresion
    (62) expresion -> . expresion DIVISION expresion
    (63) expresion -> . expresion APROXIMACION expresion
    (64) expresion -> . expresion FUSION expresion
    (65) expresion -> . expresion COLISION expresion
    (66) expresion -> . expresion INTERCAMBIO expresion
    (67) expresion -> . expresion POTENCIACION expresion
    (68) expresion -> . expresion ATENUACION expresion
    (69) expresion -> . expresion RESULTADO expresion
    (70) expresion -> . expresion FLUJO_ORIENTADO expresion
    (71) expresion -> . RETROACCION expresion
    (72) expresion -> . FLUJO_CICLICO expresion
    (73) expresion -> . TEMPORALIDAD expresion
    (74) expresion -> . PERSISTENCIA expresion
    (75) expresion -> . INSTANTANEO expresion
    (76) expresion -> . CADENCIA expresion
    (77) expresion -> . expresion OR_LOGICO expresion
    (78) expresion -> . expresion AND_LOGICO expresion
    (79) expresion -> . NOT_LOGICO expresion
    (80) expresion -> . PROBABILIDAD expresion
    (81) expresion -> . EMERGENCIA expresion
    (82) expresion -> . SUPERINDICE expresion
    (83) expresion -> . SUBINDICE expresion
    (84) expresion -> . PARENTESIS_FUERTE_ABRE expresion PARENTESIS_FUERTE_CIERRA
    (85) expresion -> . PARENTESIS_FLUIDO_ABRE expresion PARENTESIS_FLUIDO_CIERRA
    (86) expresion -> . HALT
    (87) expresion -> . PURGE
    (88) expresion -> . ISOLATE
    (89) expresion -> . AUDIT
    (90) expresion -> . KILL

    GLA             shift and go to state 3
    GLB             shift and go to state 4
    GLC             shift and go to state 5
    GLD             shift and go to state 6
    GLE             shift and go to state 7
    GLF             shift and go to state 8
    GLG             shift and go to state 9
    GLH             shift and go to state 10
    GLI             shift and go to state 11
    GLJ             shift and go to state 12
    GLK             shift and go to state 13
    GLL             shift and go to state 14
    GLM             shift and go to state 15
    GLN             shift and go to state 16
    GLO             shift and go to state 17
    GLP             shift and go to state 18
    GLQ             shift and go to state 19
    GLR             shift and go to state 20
    GLS             shift and go to state 21
    GLT             shift and go to state 22
    GLU             shift and go to state 23
    GLV             shift and go to state 24
    GLW             shift and go to state 25
    GLX             shift and go to state 26
    GLY             shift and go to state 27
    GLZ             shift and go to state 28
    GL1             shift and go to state 29
    GL2             shift and go to state 30
    GL3             shift and go to state 31
    GL4             shift and go to state 32
    GL5             shift and go to state 33
    GL6             shift and go to state 34
    GL7             shift and go to state 35
    GL8             shift and go to state 36
    GL9             shift and go to state 37
    GL10            shift and go to state 38
    GL11            shift and go to state 39
    GL12            shift and go to state 40
    GL13            shift and go to state 41
    GL14            shift and go to state 42
    REFLEXIVO_INICIO shift and go to state 43
    REFLEXIVO_CLAUSURA shift and go to state 44
    REFLEXIVO_FUEGO shift and go to state 45
    REFLEXIVO_TIERRA shift and go to state 46
    REFLEXIVO_LLAVE1 shift and go to state 47
    REFLEXIVO_LLAVE2 shift and go to state 48
    REFLEXIVO_LLAVE3 shift and go to state 49
    SIS_MEMORIA     shift and go to state 50
    SIS_CICLO       shift and go to state 51
    SIS_ENTIDAD     shift and go to state 52
    SIS_DESPERTAR   shift and go to state 53
    SIS_MUTANTE     shift and go to state 54
    INT_CONEXION    shift and go to state 55
    INT_DIALOGO     shift and go to state 56
    INT_RUPTURA     shift and go to state 57
    INT_NEXO        shift and go to state 58
    INT_META        shift and go to state 59
    RETROACCION     shift and go to state 60
    FLUJO_CICLICO   shift and go to state 61
    TEMPORALIDAD    shift and go to state 62
    PERSISTENCIA    shift and go to state 63
    INSTANTANEO     shift and go to state 64
    CADENCIA        shift and go to state 65
    NOT_LOGICO      shift and go to state 66
    PROBABILIDAD    shift and go to state 67
    EMERGENCIA      shift and go to state 68
    SUPERINDICE     shift and go to state 69
    SUBINDICE       shift and go to state 70
    PARENTESIS_FUERTE_ABRE shift and go to state 71
    PARENTESIS_FLUIDO_ABRE shift and go to state 72
    HALT            shift and go to state 73
    PURGE           shift and go to state 74
    ISOLATE         shift and go to state 75
    AUDIT           shift and go to state 76
    KILL            shift and go to state 77

    expresion                      shift and go to state 106

state 80

    (61) expresion -> expresion MULTIPLICACION . expresion
    (2) expresion -> . GLA
    (3) expresion -> . GLB
    (4) expresion -> . GLC
    (5) expresion -> . GLD
    (6) expresion -> . GLE
    (7) expresion -> . GLF
    (8) expresion -> . GLG
    (9) expresion -> . GLH
    (10) expresion -> . GLI
    (11) expresion -> . GLJ
    (12) expresion -> . GLK
    (13) expresion -> . GLL
    (14) expresion -> . GLM
    (15) expresion -> . GLN
    (16) expresion -> . GLO
    (17) expresion -> . GLP
    (18) expresion -> . GLQ
    (19) expresion -> . GLR
    (20) expresion -> . GLS
    (21) expresion -> . GLT
    (22) expresion -> . GLU
    (23) expresion -> . GLV
    (24) expresion -> . GLW
    (25) expresion -> . GLX
    (26) expresion -> . GLY
    (27) expresion -> . GLZ
    (28) expresion -> . GL1
    (29) expresion -> . GL2
    (30) expresion -> . GL3
    (31) expresion -> . GL4
    (32) expresion -> . GL5
    (33) expresion -> . GL6
    (34) expresion -> . GL7
    (35) expresion -> . GL8
    (36) expresion -> . GL9
    (37) expresion -> . GL10
    (38) expresion -> . GL11
    (39) expresion -> . GL12
    (40) expresion -> . GL13
    (41) expresion -> . GL14
    (42) expresion -> . REFLEXIVO_INICIO
    (43) expresion -> . REFLEXIVO_CLAUSURA
    (44) expresion -> . REFLEXIVO_FUEGO
    (45) expresion -> . REFLEXIVO_TIERRA
    (46) expresion -> . REFLEXIVO_LLAVE1
    (47) expresion -> . REFLEXIVO_LLAVE2
    (48) expresion -> . REFLEXIVO_LLAVE3
    (49) expresion -> . SIS_MEMORIA
    (50) expresion -> . SIS_CICLO
    (51) expresion -> . SIS_ENTIDAD
    (52) expresion -> . SIS_DESPERTAR
    (53) expresion -> . SIS_MUTANTE
    (54) expresion -> . INT_CONEXION
    (55) expresion -> . INT_DIALOGO
    (56) expresion -> . INT_RUPTURA
    (57) expresion -> . INT_NEXO
    (58) expresion -> . INT_META
    (59) expresion -> . expresion SUMA expresion
    (60) expresion -> . expresion RESTA expresion
    (61) expresion -> . expresion MULTIPLICACION expresion
    (62) expresion -> . expresion DIVISION expresion
    (63) expresion -> . expresion APROXIMACION expresion
    (64) expresion -> . expresion FUSION expresion
    (65) expresion -> . expresion COLISION expresion
    (66) expresion -> . expresion INTERCAMBIO expresion
    (67) expresion -> . expresion POTENCIACION expresion
    (68) expresion -> . expresion ATENUACION expresion
    (69) expresion -> . expresion RESULTADO expresion
    (70) expresion -> . expresion FLUJO_ORIENTADO expresion
    (71) expresion -> . RETROACCION expresion
    (72) expresion -> . FLUJO_CICLICO expresion
    (73) expresion -> . TEMPORALIDAD expresion
    (74) expresion -> . PERSISTENCIA expresion
    (75) expresion -> . INSTANTANEO expresion
    (76) expresion -> . CADENCIA expresion
    (77) expresion -> . expresion OR_LOGICO expresion
    (78) expresion -> . expresion AND_LOGICO expresion
    (79) expresion -> . NOT_LOGICO expresion
    (80) expresion -> . PROBABILIDAD expresion
    (81) expresion -> . EMERGENCIA expresion
    (82) expresion -> . SUPERINDICE expresion
    (83) expresion -> . SUBINDICE expresion
    (84) expresion -> . PARENTESIS_FUERTE_ABRE expresion PARENTESIS_FUERTE_CIERRA
    (85) expresion -> . PARENTESIS_FLUIDO_ABRE expresion PARENTESIS_FLUIDO_CIERRA
    (86) expresion -> . HALT
    (87) expresion -> . PURGE
    (88) expresion -> . ISOLATE
    (89) expresion -> . AUDIT
    (90) expresion -> . KILL

    GLA             shift and go to state 3
    GLB             shift and go to state 4
    GLC             shift and go to state 5
    GLD             shift and go to state 6
    GLE             shift and go to state 7
    GLF             shift and go to state 8
    GLG             shift and go to state 9
    GLH             shift and go to state 10
    GLI             shift and go to state 11
    GLJ             shift and go to state 12
    GLK             shift and go to state 13
    GLL             shift and go to state 14
    GLM             shift and go to state 15
    GLN             shift and go to state 16
    GLO             shift and go to state 17
    GLP             shift and go to state 18
    GLQ             shift and go to state 19
    GLR             shift and go to state 20
    GLS             shift and go to state 21
    GLT             shift and go to state 22
    GLU             shift and go to state 23
    GLV             shift and go to state 24
    GLW             shift and go to state 25
    GLX             shift and go to state 26
    GLY             shift and go to state 27
    GLZ             shift and go to state 28
    GL1             shift and go to state 29
    GL2             shift and go to state 30
    GL3             shift and go to state 31
    GL4             shift and go to state 32
    GL5             shift and go to state 33
    GL6             shift and go to state 34
    GL7             shift and go to state 35
    GL8             shift and go to state 36
    GL9             shift and go to state 37
    GL10            shift and go to state 38
    GL11            shift and go to state 39
    GL12            shift and go to state 40
    GL13            shift and go to state 41
    GL14            shift and go to state 42
    REFLEXIVO_INICIO shift and go to state 43
    REFLEXIVO_CLAUSURA shift and go to state 44
    REFLEXIVO_FUEGO shift and go to state 45
    REFLEXIVO_TIERRA shift and go to state 46
    REFLEXIVO_LLAVE1 shift and go to state 47
    REFLEXIVO_LLAVE2 shift and go to state 48
    REFLEXIVO_LLAVE3 shift and go to state 49
    SIS_MEMORIA     shift and go to state 50
    SIS_CICLO       shift and go to state 51
    SIS_ENTIDAD     shift and go to state 52
    SIS_DESPERTAR   shift and go to state 53
    SIS_MUTANTE     shift and go to state 54
    INT_CONEXION    shift and go to state 55
    INT_DIALOGO     shift and go to state 56
    INT_RUPTURA     shift and go to state 57
    INT_NEXO        shift and go to state 58
    INT_META        shift and go to state 59
    RETROACCION     shift and go to state 60
    FLUJO_CICLICO   shift and go to state 61
    TEMPORALIDAD    shift and go to state 62
    PERSISTENCIA    shift and go to state 63
    INSTANTANEO     shift and go to state 64
    CADENCIA        shift and go to state 65
    NOT_LOGICO      shift and go to state 66
    PROBABILIDAD    shift and go to state 67
    EMERGENCIA      shift and go to state 68
    SUPERINDICE     shift and go to state 69
    SUBINDICE       shift and go to state 70
    PARENTESIS_FUERTE_ABRE shift and go to state 71
    PARENTESIS_FLUIDO_ABRE shift and go to state 72
    HALT            shift and go to state 73
    PURGE           shift and go to state 74
    ISOLATE         shift and go to state 75
    AUDIT           shift and go to state 76
    KILL            shift and go to state 77

    expresion                      shift and go to state 107

state 81

    (62) expresion -> expresion DIVISION . expresion
    (2) expresion -> . GLA
    (3) expresion -> . GLB
    (4) expresion -> . GLC
    (5) expresion -> . GLD
    (6) expresion -> . GLE
    (7) expresion -> . GLF
    (8) expresion -> . GLG
    (9) expresion -> . GLH
    (10) expresion -> . GLI
    (11) expresion -> . GLJ
    (12) expresion -> . GLK
    (13) expresion -> . GLL
    (14) expresion -> . GLM
    (15) expresion -> . GLN
    (16) expresion -> . GLO
    (17) expresion -> . GLP
    (18) expresion -> . GLQ
    (19) expresion -> . GLR
    (20) expresion -> . GLS
    (21) expresion -> . GLT
    (22) expresion -> . GLU
    (23) expresion -> . GLV
    (24) expresion -> . GLW
    (25) expresion -> . GLX
    (26) expresion -> . GLY
    (27) expresion -> . GLZ
    (28) expresion -> . GL1
    (29) expresion -> . GL2
    (30) expresion -> . GL3
    (31) expresion -> . GL4
    (32) expresion -> . GL5
    (33) expresion -> . GL6
    (34) expresion -> . GL7
    (35) expresion -> . GL8
    (36) expresion -> . GL9
    (37) expresion -> . GL10
    (38) expresion -> . GL11
    (39) expresion -> . GL12
    (40) expresion -> . GL13
    (41) expresion -> . GL14
    (42) expresion -> . REFLEXIVO_INICIO
    (43) expresion -> . REFLEXIVO_CLAUSURA
    (44) expresion -> . REFLEXIVO_FUEGO
    (45) expresion -> . REFLEXIVO_TIERRA
    (46) expresion -> . REFLEXIVO_LLAVE1
    (47) expresion -> . REFLEXIVO_LLAVE2
    (48) expresion -> . REFLEXIVO_LLAVE3
    (49) expresion -> . SIS_MEMORIA
    (50) expresion -> . SIS_CICLO
    (51) expresion -> . SIS_ENTIDAD
    (52) expresion -> . SIS_DESPERTAR
    (53) expresion -> . SIS_MUTANTE
    (54) expresion -> . INT_CONEXION
    (55) expresion -> . INT_DIALOGO
    (56) expresion -> . INT_RUPTURA
    (57) expresion -> . INT_NEXO
    (58) expresion -> . INT_META
    (59) expresion -> . expresion SUMA expresion
    (60) expresion -> . expresion RESTA expresion
    (61) expresion -> . expresion MULTIPLICACION expresion
    (62) expresion -> . expresion DIVISION expresion
    (63) expresion -> . expresion APROXIMACION expresion
    (64) expresion -> . expresion FUSION expresion
    (65) expresion -> . expresion COLISION expresion
    (66) expresion -> . expresion INTERCAMBIO expresion
    (67) expresion -> . expresion POTENCIACION expresion
    (68) expresion -> . expresion ATENUACION expresion
    (69) expresion -> . expresion RESULTADO expresion
    (70) expresion -> . expresion FLUJO_ORIENTADO expresion
    (71) expresion -> . RETROACCION expresion
    (72) expresion -> . FLUJO_CICLICO expresion
    (73) expresion -> . TEMPORALIDAD expresion
    (74) expresion -> . PERSISTENCIA expresion
    (75) expresion -> . INSTANTANEO expresion
    (76) expresion -> . CADENCIA expresion
    (77) expresion -> . expresion OR_LOGICO expresion
    (78) expresion -> . expresion AND_LOGICO expresion
    (79) expresion -> . NOT_LOGICO expresion
    (80) expresion -> . PROBABILIDAD expresion
    (81) expresion -> . EMERGENCIA expresion
    (82) expresion -> . SUPERINDICE expresion
    (83) expresion -> . SUBINDICE expresion
    (84) expresion -> . PARENTESIS_FUERTE_ABRE expresion PARENTESIS_FUERTE_CIERRA
    (85) expresion -> . PARENTESIS_FLUIDO_ABRE expresion PARENTESIS_FLUIDO_CIERRA
    (86) expresion -> . HALT
    (87) expresion -> . PURGE
    (88) expresion -> . ISOLATE
    (89) expresion -> . AUDIT
    (90) expresion -> . KILL

    GLA             shift and go to state 3
    GLB             shift and go to state 4
    GLC             shift and go to state 5
    GLD             shift and go to state 6
    GLE             shift and go to state 7
    GLF             shift and go to state 8
    GLG             shift and go to state 9
    GLH             shift and go to state 10
    GLI             shift and go to state 11
    GLJ             shift and go to state 12
    GLK             shift and go to state 13
    GLL             shift and go to state 14
    GLM             shift and go to state 15
    GLN             shift and go to state 16
    GLO             shift and go to state 17
    GLP             shift and go to state 18
    GLQ             shift and go to state 19
    GLR             shift and go to state 20
    GLS             shift and go to state 21
    GLT             shift and go to state 22
    GLU             shift and go to state 23
    GLV             shift and go to state 24
    GLW             shift and go to state 25
    GLX             shift and go to state 26
    GLY             shift and go to state 27
    GLZ             shift and go to state 28
    GL1             shift and go to state 29
    GL2             shift and go to state 30
    GL3             shift and go to state 31
    GL4             shift and go to state 32
    GL5             shift and go to state 33
    GL6             shift and go to state 34
    GL7             shift and go to state 35
    GL8             shift and go to state 36
    GL9             shift and go to state 37
    GL10            shift and go to state 38
    GL11            shift and go to state 39
    GL12            shift and go to state 40
    GL13            shift and go to state 41
    GL14            shift and go to state 42
    REFLEXIVO_INICIO shift and go to state 43
    REFLEXIVO_CLAUSURA shift and go to state 44
    REFLEXIVO_FUEGO shift and go to state 45
    REFLEXIVO_TIERRA shift and go to state 46
    REFLEXIVO_LLAVE1 shift and go to state 47
    REFLEXIVO_LLAVE2 shift and go to state 48
    REFLEXIVO_LLAVE3 shift and go to state 49
    SIS_MEMORIA     shift and go to state 50
    SIS_CICLO       shift and go to state 51
    SIS_ENTIDAD     shift and go to state 52
    SIS_DESPERTAR   shift and go to state 53
    SIS_MUTANTE     shift and go to state 54
    INT_CONEXION    shift and go to state 55
    INT_DIALOGO     shift and go to state 56
    INT_RUPTURA     shift and go to state 57
    INT_NEXO        shift and go to state 58
    INT_META        shift and go to state 59
    RETROACCION     shift and go to state 60
    FLUJO_CICLICO   shift and go to state 61
    TEMPORALIDAD    shift and go to state 62
    PERSISTENCIA    shift and go to state 63
    INSTANTANEO     shift and go to state 64
    CADENCIA        shift and go to state 65
    NOT_LOGICO      shift and go to state 66
    PROBABILIDAD    shift and go to state 67
    EMERGENCIA      shift and go to state 68
    SUPERINDICE     shift and go to state 69
    SUBINDICE       shift and go to state 70
    PARENTESIS_FUERTE_ABRE shift and go to state 71
    PARENTESIS_FLUIDO_ABRE shift and go to state 72
    HALT            shift and go to state 73
    PURGE           shift and go to state 74
    ISOLATE         shift and go to state 75
    AUDIT           shift and go to state 76
    KILL            shift and go to state 77

    expresion                      shift and go to state 108

state 82

    (63) expresion -> expresion APROXIMACION . expresion
    (2) expresion -> . GLA
    (3) expresion -> . GLB
    (4) expresion -> . GLC
    (5) expresion -> . GLD
    (6) expresion -> . GLE
    (7) expresion -> . GLF
    (8) expresion -> . GLG
    (9) expresion -> . GLH
    (10) expresion -> . GLI
    (11) expresion -> . GLJ
    (12) expresion -> . GLK
    (13) expresion -> . GLL
    (14) expresion -> . GLM
    (15) expresion -> . GLN
    (16) expresion -> . GLO
    (17) expresion -> . GLP
    (18) expresion -> . GLQ
    (19) expresion -> . GLR
    (20) expresion -> . GLS
    (21) expresion -> . GLT
    (22) expresion -> . GLU
    (23) expresion -> . GLV
    (24) expresion -> . GLW
    (25) expresion -> . GLX
    (26) expresion -> . GLY
    (27) expresion -> . GLZ
    (28) expresion -> . GL1
    (29) expresion -> . GL2
    (30) expresion -> . GL3
    (31) expresion -> . GL4
    (32) expresion -> . GL5
    (33) expresion -> . GL6
    (34) expresion -> . GL7
    (35) expresion -> . GL8
    (36) expresion -> . GL9
    (37) expresion -> . GL10
    (38) expresion -> . GL11
    (39) expresion -> . GL12
    (40) expresion -> . GL13
    (41) expresion -> . GL14
    (42) expresion -> . REFLEXIVO_INICIO
    (43) expresion -> . REFLEXIVO_CLAUSURA
    (44) expresion -> . REFLEXIVO_FUEGO
    (45) expresion -> . REFLEXIVO_TIERRA
    (46) expresion -> . REFLEXIVO_LLAVE1
    (47) expresion -> . REFLEXIVO_LLAVE2
    (48) expresion -> . REFLEXIVO_LLAVE3
    (49) expresion -> . SIS_MEMORIA
    (50) expresion -> . SIS_CICLO
    (51) expresion -> . SIS_ENTIDAD
    (52) expresion -> . SIS_DESPERTAR
    (53) expresion -> . SIS_MUTANTE
    (54) expresion -> . INT_CONEXION
    (55) expresion -> . INT_DIALOGO
    (56) expresion -> . INT_RUPTURA
    (57) expresion -> . INT_NEXO
    (58) expresion -> . INT_META
    (59) expresion -> . expresion SUMA expresion
    (60) expresion -> . expresion RESTA expresion
    (61) expresion -> . expresion MULTIPLICACION expresion
    (62) expresion -> . expresion DIVISION expresion
    (63) expresion -> . expresion APROXIMACION expresion
    (64) expresion -> . expresion FUSION expresion
    (65) expresion -> . expresion COLISION expresion
    (66) expresion -> . expresion INTERCAMBIO expresion
    (67) expresion -> . expresion POTENCIACION expresion
    (68) expresion -> . expresion ATENUACION expresion
    (69) expresion -> . expresion RESULTADO expresion
    (70) expresion -> . expresion FLUJO_ORIENTADO expresion
    (71) expresion -> . RETROACCION expresion
    (72) expresion -> . FLUJO_CICLICO expresion
    (73) expresion -> . TEMPORALIDAD expresion
    (74) expresion -> . PERSISTENCIA expresion
    (75) expresion -> . INSTANTANEO expresion
    (76) expresion -> . CADENCIA expresion
    (77) expresion -> . expresion OR_LOGICO expresion
    (78) expresion -> . expresion AND_LOGICO expresion
    (79) expresion -> . NOT_LOGICO expresion
    (80) expresion -> . PROBABILIDAD expresion
    (81) expresion -> . EMERGENCIA expresion
    (82) expresion -> . SUPERINDICE expresion
    (83) expresion -> . SUBINDICE expresion
    (84) expresion -> . PARENTESIS_FUERTE_ABRE expresion PARENTESIS_FUERTE_CIERRA
    (85) expresion -> . PARENTESIS_FLUIDO_ABRE expresion PARENTESIS_FLUIDO_CIERRA
    (86) expresion -> . HALT
    (87) expresion -> . PURGE
    (88) expresion -> . ISOLATE
    (89) expresion -> . AUDIT
    (90) expresion -> . KILL

    GLA             shift and go to state 3
    GLB             shift and go to state 4
    GLC             shift and go to state 5
    GLD             shift and go to state 6
    GLE             shift and go to state 7
    GLF             shift and go to state 8
    GLG             shift and go to state 9
    GLH             shift and go to state 10
    GLI             shift and go to state 11
    GLJ             shift and go to state 12
    GLK             shift and go to state 13
    GLL             shift and go to state 14
    GLM             shift and go to state 15
    GLN             shift and go to state 16
    GLO             shift and go to state 17
    GLP             shift and go to state 18
    GLQ             shift and go to state 19
    GLR             shift and go to state 20
    GLS             shift and go to state 21
    GLT             shift and go to state 22
    GLU             shift and go to state 23
    GLV             shift and go to state 24
    GLW             shift and go to state 25
    GLX             shift and go to state 26
    GLY             shift and go to state 27
    GLZ             shift and go to state 28
    GL1             shift and go to state 29
    GL2             shift and go to state 30
    GL3             shift and go to state 31
    GL4             shift and go to state 32
    GL5             shift and go to state 33
    GL6             shift and go to state 34
    GL7             shift and go to state 35
    GL8             shift and go to state 36
    GL9             shift and go to state 37
    GL10            shift and go to state 38
    GL11            shift and go to state 39
    GL12            shift and go to state 40
    GL13            shift and go to state 41
    GL14            shift and go to state 42
    REFLEXIVO_INICIO shift and go to state 43
    REFLEXIVO_CLAUSURA shift and go to state 44
    REFLEXIVO_FUEGO shift and go to state 45
    REFLEXIVO_TIERRA shift and go to state 46
    REFLEXIVO_LLAVE1 shift and go to state 47
    REFLEXIVO_LLAVE2 shift and go to state 48
    REFLEXIVO_LLAVE3 shift and go to state 49
    SIS_MEMORIA     shift and go to state 50
    SIS_CICLO       shift and go to state 51
    SIS_ENTIDAD     shift and go to state 52
    SIS_DESPERTAR   shift and go to state 53
    SIS_MUTANTE     shift and go to state 54
    INT_CONEXION    shift and go to state 55
    INT_DIALOGO     shift and go to state 56
    INT_RUPTURA     shift and go to state 57
    INT_NEXO        shift and go to state 58
    INT_META        shift and go to state 59
    RETROACCION     shift and go to state 60
    FLUJO_CICLICO   shift and go to state 61
    TEMPORALIDAD    shift and go to state 62
    PERSISTENCIA    shift and go to state 63
    INSTANTANEO     shift and go to state 64
    CADENCIA        shift and go to state 65
    NOT_LOGICO      shift and go to state 66
    PROBABILIDAD    shift and go to state 67
    EMERGENCIA      shift and go to state 68
    SUPERINDICE     shift and go to state 69
    SUBINDICE       shift and go to state 70
    PARENTESIS_FUERTE_ABRE shift and go to state 71
    PARENTESIS_FLUIDO_ABRE shift and go to state 72
    HALT            shift and go to state 73
    PURGE           shift and go to state 74
    ISOLATE         shift and go to state 75
    AUDIT           shift and go to state 76
    KILL            shift and go to state 77

    expresion                      shift and go to state 109

state 83

    (64) expresion -> expresion FUSION . expresion
    (2) expresion -> . GLA
    (3) expresion -> . GLB
    (4) expresion -> . GLC
    (5) expresion -> . GLD
    (6) expresion -> . GLE
    (7) expresion -> . GLF
    (8) expresion -> . GLG
    (9) expresion -> . GLH
    (10) expresion -> . GLI
    (11) expresion -> . GLJ
    (12) expresion -> . GLK
    (13) expresion -> . GLL
    (14) expresion -> . GLM
    (15) expresion -> . GLN
    (16) expresion -> . GLO
    (17) expresion -> . GLP
    (18) expresion -> . GLQ
    (19) expresion -> . GLR
    (20) expresion -> . GLS
    (21) expresion -> . GLT
    (22) expresion -> . GLU
    (23) expresion -> . GLV
    (24) expresion -> . GLW
    (25) expresion -> . GLX
    (26) expresion -> . GLY
    (27) expresion -> . GLZ
    (28) expresion -> . GL1
    (29) expresion -> . GL2
    (30) expresion -> . GL3
    (31) expresion -> . GL4
    (32) expresion -> . GL5
    (33) expresion -> . GL6
    (34) expresion -> . GL7
    (35) expresion -> . GL8
    (36) expresion -> . GL9
    (37) expresion -> . GL10
    (38) expresion -> . GL11
    (39) expresion -> . GL12
    (40) expresion -> . GL13
    (41) expresion -> . GL14
    (42) expresion -> . REFLEXIVO_INICIO
    (43) expresion -> . REFLEXIVO_CLAUSURA
    (44) expresion -> . REFLEXIVO_FUEGO
    (45) expresion -> . REFLEXIVO_TIERRA
    (46) expresion -> . REFLEXIVO_LLAVE1
    (47) expresion -> . REFLEXIVO_LLAVE2
    (48) expresion -> . REFLEXIVO_LLAVE3
    (49) expresion -> . SIS_MEMORIA
    (50) expresion -> . SIS_CICLO
    (51) expresion -> . SIS_ENTIDAD
    (52) expresion -> . SIS_DESPERTAR
    (53) expresion -> . SIS_MUTANTE
    (54) expresion -> . INT_CONEXION
    (55) expresion -> . INT_DIALOGO
    (56) expresion -> . INT_RUPTURA
    (57) expresion -> . INT_NEXO
    (58) expresion -> . INT_META
    (59) expresion -> . expresion SUMA expresion
    (60) expresion -> . expresion RESTA expresion
    (61) expresion -> . expresion MULTIPLICACION expresion
    (62) expresion -> . expresion DIVISION expresion
    (63) expresion -> . expresion APROXIMACION expresion
    (64) expresion -> . expresion FUSION expresion
    (65) expresion -> . expresion COLISION expresion
    (66) expresion -> . expresion INTERCAMBIO expresion
    (67) expresion -> . expresion POTENCIACION expresion
    (68) expresion -> . expresion ATENUACION expresion
    (69) expresion -> . expresion RESULTADO expresion
    (70) expresion -> . expresion FLUJO_ORIENTADO expresion
    (71) expresion -> . RETROACCION expresion
    (72) expresion -> . FLUJO_CICLICO expresion
    (73) expresion -> . TEMPORALIDAD expresion
    (74) expresion -> . PERSISTENCIA expresion
    (75) expresion -> . INSTANTANEO expresion
    (76) expresion -> . CADENCIA expresion
    (77) expresion -> . expresion OR_LOGICO expresion
    (78) expresion -> . expresion AND_LOGICO expresion
    (79) expresion -> . NOT_LOGICO expresion
    (80) expresion -> . PROBABILIDAD expresion
    (81) expresion -> . EMERGENCIA expresion
    (82) expresion -> . SUPERINDICE expresion
    (83) expresion -> . SUBINDICE expresion
    (84) expresion -> . PARENTESIS_FUERTE_ABRE expresion PARENTESIS_FUERTE_CIERRA
    (85) expresion -> . PARENTESIS_FLUIDO_ABRE expresion PARENTESIS_FLUIDO_CIERRA
    (86) expresion -> . HALT
    (87) expresion -> . PURGE
    (88) expresion -> . ISOLATE
    (89) expresion -> . AUDIT
    (90) expresion -> . KILL

    GLA             shift and go to state 3
    GLB             shift and go to state 4
    GLC             shift and go to state 5
    GLD             shift and go to state 6
    GLE             shift and go to state 7
    GLF             shift and go to state 8
    GLG             shift and go to state 9
    GLH             shift and go to state 10
    GLI             shift and go to state 11
    GLJ             shift and go to state 12
    GLK             shift and go to state 13
    GLL             shift and go to state 14
    GLM             shift and go to state 15
    GLN             shift and go to state 16
    GLO             shift and go to state 17
    GLP             shift and go to state 18
    GLQ             shift and go to state 19
    GLR             shift and go to state 20
    GLS             shift and go to state 21
    GLT             shift and go to state 22
    GLU             shift and go to state 23
    GLV             shift and go to state 24
    GLW             shift and go to state 25
    GLX             shift and go to state 26
    GLY             shift and go to state 27
    GLZ             shift and go to state 28
    GL1             shift and go to state 29
    GL2             shift and go to state 30
    GL3             shift and go to state 31
    GL4             shift and go to state 32
    GL5             shift and go to state 33
    GL6             shift and go to state 34
    GL7             shift and go to state 35
    GL8             shift and go to state 36
    GL9             shift and go to state 37
    GL10            shift and go to state 38
    GL11            shift and go to state 39
    GL12            shift and go to state 40
    GL13            shift and go to state 41
    GL14            shift and go to state 42
    REFLEXIVO_INICIO shift and go to state 43
    REFLEXIVO_CLAUSURA shift and go to state 44
    REFLEXIVO_FUEGO shift and go to state 45
    REFLEXIVO_TIERRA shift and go to state 46
    REFLEXIVO_LLAVE1 shift and go to state 47
    REFLEXIVO_LLAVE2 shift and go to state 48
    REFLEXIVO_LLAVE3 shift and go to state 49
    SIS_MEMORIA     shift and go to state 50
    SIS_CICLO       shift and go to state 51
    SIS_ENTIDAD     shift and go to state 52
    SIS_DESPERTAR   shift and go to state 53
    SIS_MUTANTE     shift and go to state 54
    INT_CONEXION    shift and go to state 55
    INT_DIALOGO     shift and go to state 56
    INT_RUPTURA     shift and go to state 57
    INT_NEXO        shift and go to state 58
    INT_META        shift and go to state 59
    RETROACCION     shift and go to state 60
    FLUJO_CICLICO   shift and go to state 61
    TEMPORALIDAD    shift and go to state 62
    PERSISTENCIA    shift and go to state 63
    INSTANTANEO     shift and go to state 64
    CADENCIA        shift and go to state 65
    NOT_LOGICO      shift and go to state 66
    PROBABILIDAD    shift and go to state 67
    EMERGENCIA      shift and go to state 68
    SUPERINDICE     shift and go to state 69
    SUBINDICE       shift and go to state 70
    PARENTESIS_FUERTE_ABRE shift and go to state 71
    PARENTESIS_FLUIDO_ABRE shift and go to state 72
    HALT            shift and go to state 73
    PURGE           shift and go to state 74
    ISOLATE         shift and go to state 75
    AUDIT           shift and go to state 76
    KILL            shift and go to state 77

    expresion                      shift and go to state 110

state 84

    (65) expresion -> expresion COLISION . expresion
    (2) expresion -> . GLA
    (3) expresion -> . GLB
    (4) expresion -> . GLC
    (5) expresion -> . GLD
    (6) expresion -> . GLE
    (7) expresion -> . GLF
    (8) expresion -> . GLG
    (9) expresion -> . GLH
    (10) expresion -> . GLI
    (11) expresion -> . GLJ
    (12) expresion -> . GLK
    (13) expresion -> . GLL
    (14) expresion -> . GLM
    (15) expresion -> . GLN
    (16) expresion -> . GLO
    (17) expresion -> . GLP
    (18) expresion -> . GLQ
    (19) expresion -> . GLR
    (20) expresion -> . GLS
    (21) expresion -> . GLT
    (22) expresion -> . GLU
    (23) expresion -> . GLV
    (24) expresion -> . GLW
    (25) expresion -> . GLX
    (26) expresion -> . GLY
    (27) expresion -> . GLZ
    (28) expresion -> . GL1
    (29) expresion -> . GL2
    (30) expresion -> . GL3
    (31) expresion -> . GL4
    (32) expresion -> . GL5
    (33) expresion -> . GL6
    (34) expresion -> . GL7
    (35) expresion -> . GL8
    (36) expresion -> . GL9
    (37) expresion -> . GL10
    (38) expresion -> . GL11
    (39) expresion -> . GL12
    (40) expresion -> . GL13
    (41) expresion -> . GL14
    (42) expresion -> . REFLEXIVO_INICIO
    (43) expresion -> . REFLEXIVO_CLAUSURA
    (44) expresion -> . REFLEXIVO_FUEGO
    (45) expresion -> . REFLEXIVO_TIERRA
    (46) expresion -> . REFLEXIVO_LLAVE1
    (47) expresion -> . REFLEXIVO_LLAVE2
    (48) expresion -> . REFLEXIVO_LLAVE3
    (49) expresion -> . SIS_MEMORIA
    (50) expresion -> . SIS_CICLO
    (51) expresion -> . SIS_ENTIDAD
    (52) expresion -> . SIS_DESPERTAR
    (53) expresion -> . SIS_MUTANTE
    (54) expresion -> . INT_CONEXION
    (55) expresion -> . INT_DIALOGO
    (56) expresion -> . INT_RUPTURA
    (57) expresion -> . INT_NEXO
    (58) expresion -> . INT_META
    (59) expresion -> . expresion SUMA expresion
    (60) expresion -> . expresion RESTA expresion
    (61) expresion -> . expresion MULTIPLICACION expresion
    (62) expresion -> . expresion DIVISION expresion
    (63) expresion -> . expresion APROXIMACION expresion
    (64) expresion -> . expresion FUSION expresion
    (65) expresion -> . expresion COLISION expresion
    (66) expresion -> . expresion INTERCAMBIO expresion
    (67) expresion -> . expresion POTENCIACION expresion
    (68) expresion -> . expresion ATENUACION expresion
    (69) expresion -> . expresion RESULTADO expresion
    (70) expresion -> . expresion FLUJO_ORIENTADO expresion
    (71) expresion -> . RETROACCION expresion
    (72) expresion -> . FLUJO_CICLICO expresion
    (73) expresion -> . TEMPORALIDAD expresion
    (74) expresion -> . PERSISTENCIA expresion
    (75) expresion -> . INSTANTANEO expresion
    (76) expresion -> . CADENCIA expresion
    (77) expresion -> . expresion OR_LOGICO expresion
    (78) expresion -> . expresion AND_LOGICO expresion
    (79) expresion -> . NOT_LOGICO expresion
    (80) expresion -> . PROBABILIDAD expresion
    (81) expresion -> . EMERGENCIA expresion
    (82) expresion -> . SUPERINDICE expresion
    (83) expresion -> . SUBINDICE expresion
    (84) expresion -> . PARENTESIS_FUERTE_ABRE expresion PARENTESIS_FUERTE_CIERRA
    (85) expresion -> . PARENTESIS_FLUIDO_ABRE expresion PARENTESIS_FLUIDO_CIERRA
    (86) expresion -> . HALT
    (87) expresion -> . PURGE
    (88) expresion -> . ISOLATE
    (89) expresion -> . AUDIT
    (90) expresion -> . KILL

    GLA             shift and go to state 3
    GLB             shift and go to state 4
    GLC             shift and go to state 5
    GLD             shift and go to state 6
    GLE             shift and go to state 7
    GLF             shift and go to state 8
    GLG             shift and go to state 9
    GLH             shift and go to state 10
    GLI             shift and go to state 11
    GLJ             shift and go to state 12
    GLK             shift and go to state 13
    GLL             shift and go to state 14
    GLM             shift and go to state 15
    GLN             shift and go to state 16
    GLO             shift and go to state 17
    GLP             shift and go to state 18
    GLQ             shift and go to state 19
    GLR             shift and go to state 20
    GLS             shift and go to state 21
    GLT             shift and go to state 22
    GLU             shift and go to state 23
    GLV             shift and go to state 24
    GLW             shift and go to state 25
    GLX             shift and go to state 26
    GLY             shift and go to state 27
    GLZ             shift and go to state 28
    GL1             shift and go to state 29
    GL2             shift and go to state 30
    GL3             shift and go to state 31
    GL4             shift and go to state 32
    GL5             shift and go to state 33
    GL6             shift and go to state 34
    GL7             shift and go to state 35
    GL8             shift and go to state 36
    GL9             shift and go to state 37
    GL10            shift and go to state 38
    GL11            shift and go to state 39
    GL12            shift and go to state 40
    GL13            shift and go to state 41
    GL14            shift and go to state 42
    REFLEXIVO_INICIO shift and go to state 43
    REFLEXIVO_CLAUSURA shift and go to state 44
    REFLEXIVO_FUEGO shift and go to state 45
    REFLEXIVO_TIERRA shift and go to state 46
    REFLEXIVO_LLAVE1 shift and go to state 47
    REFLEXIVO_LLAVE2 shift and go to state 48
    REFLEXIVO_LLAVE3 shift and go to state 49
    SIS_MEMORIA     shift and go to state 50
    SIS_CICLO       shift and go to state 51
    SIS_ENTIDAD     shift and go to state 52
    SIS_DESPERTAR   shift and go to state 53
    SIS_MUTANTE     shift and go to state 54
    INT_CONEXION    shift and go to state 55
    INT_DIALOGO     shift and go to state 56
    INT_RUPTURA     shift and go to state 57
    INT_NEXO        shift and go to state 58
    INT_META        shift and go to state 59
    RETROACCION     shift and go to state 60
    FLUJO_CICLICO   shift and go to state 61
    TEMPORALIDAD    shift and go to state 62
    PERSISTENCIA    shift and go to state 63
    INSTANTANEO     shift and go to state 64
    CADENCIA        shift and go to state 65
    NOT_LOGICO      shift and go to state 66
    PROBABILIDAD    shift and go to state 67
    EMERGENCIA      shift and go to state 68
    SUPERINDICE     shift and go to state 69
    SUBINDICE       shift and go to state 70
    PARENTESIS_FUERTE_ABRE shift and go to state 71
    PARENTESIS_FLUIDO_ABRE shift and go to state 72
    HALT            shift and go to state 73
    PURGE           shift and go to state 74
    ISOLATE         shift and go to state 75
    AUDIT           shift and go to state 76
    KILL            shift and go to state 77

    expresion                      shift and go to state 111

state 85

    (66) expresion -> expresion INTERCAMBIO . expresion
    (2) expresion -> . GLA
    (3) expresion -> . GLB
    (4) expresion -> . GLC
    (5) expresion -> . GLD
    (6) expresion -> . GLE
    (7) expresion -> . GLF
    (8) expresion -> . GLG
    (9) expresion -> . GLH
    (10) expresion -> . GLI
    (11) expresion -> . GLJ
    (12) expresion -> . GLK
    (13) expresion -> . GLL
    (14) expresion -> . GLM
    (15) expresion -> . GLN
    (16) expresion -> . GLO
    (17) expresion -> . GLP
    (18) expresion -> . GLQ
    (19) expresion -> . GLR
    (20) expresion -> . GLS
    (21) expresion -> . GLT
    (22) expresion -> . GLU
    (23) expresion -> . GLV
    (24) expresion -> . GLW
    (25) expresion -> . GLX
    (26) expresion -> . GLY
    (27) expresion -> . GLZ
    (28) expresion -> . GL1
    (29) expresion -> . GL2
    (30) expresion -> . GL3
    (31) expresion -> . GL4
    (32) expresion -> . GL5
    (33) expresion -> . GL6
    (34) expresion -> . GL7
    (35) expresion -> . GL8
    (36) expresion -> . GL9
    (37) expresion -> . GL10
    (38) expresion -> . GL11
    (39) expresion -> . GL12
    (40) expresion -> . GL13
    (41) expresion -> . GL14
    (42) expresion -> . REFLEXIVO_INICIO
    (43) expresion -> . REFLEXIVO_CLAUSURA
    (44) expresion -> . REFLEXIVO_FUEGO
    (45) expresion -> . REFLEXIVO_TIERRA
    (46) expresion -> . REFLEXIVO_LLAVE1
    (47) expresion -> . REFLEXIVO_LLAVE2
    (48) expresion -> . REFLEXIVO_LLAVE3
    (49) expresion -> . SIS_MEMORIA
    (50) expresion -> . SIS_CICLO
    (51) expresion -> . SIS_ENTIDAD
    (52) expresion -> . SIS_DESPERTAR
    (53) expresion -> . SIS_MUTANTE
    (54) expresion -> . INT_CONEXION
    (55) expresion -> . INT_DIALOGO
    (56) expresion -> . INT_RUPTURA
    (57) expresion -> . INT_NEXO
    (58) expresion -> . INT_META
    (59) expresion -> . expresion SUMA expresion
    (60) expresion -> . expresion RESTA expresion
    (61) expresion -> . expresion MULTIPLICACION expresion
    (62) expresion -> . expresion DIVISION expresion
    (63) expresion -> . expresion APROXIMACION expresion
    (64) expresion -> . expresion FUSION expresion
    (65) expresion -> . expresion COLISION expresion
    (66) expresion -> . expresion INTERCAMBIO expresion
    (67) expresion -> . expresion POTENCIACION expresion
    (68) expresion -> . expresion ATENUACION expresion
    (69) expresion -> . expresion RESULTADO expresion
    (70) expresion -> . expresion FLUJO_ORIENTADO expresion
    (71) expresion -> . RETROACCION expresion
    (72) expresion -> . FLUJO_CICLICO expresion
    (73) expresion -> . TEMPORALIDAD expresion
    (74) expresion -> . PERSISTENCIA expresion
    (75) expresion -> . INSTANTANEO expresion
    (76) expresion -> . CADENCIA expresion
    (77) expresion -> . expresion OR_LOGICO expresion
    (78) expresion -> . expresion AND_LOGICO expresion
    (79) expresion -> . NOT_LOGICO expresion
    (80) expresion -> . PROBABILIDAD expresion
    (81) expresion -> . EMERGENCIA expresion
    (82) expresion -> . SUPERINDICE expresion
    (83) expresion -> . SUBINDICE expresion
    (84) expresion -> . PARENTESIS_FUERTE_ABRE expresion PARENTESIS_FUERTE_CIERRA
    (85) expresion -> . PARENTESIS_FLUIDO_ABRE expresion PARENTESIS_FLUIDO_CIERRA
    (86) expresion -> . HALT
    (87) expresion -> . PURGE
    (88) expresion -> . ISOLATE
    (89) expresion -> . AUDIT
    (90) expresion -> . KILL

    GLA             shift and go to state 3
    GLB             shift and go to state 4
    GLC             shift and go to state 5
    GLD             shift and go to state 6
    GLE             shift and go to state 7
    GLF             shift and go to state 8
    GLG             shift and go to state 9
    GLH             shift and go to state 10
    GLI             shift and go to state 11
    GLJ             shift and go to state 12
    GLK             shift and go to state 13
    GLL             shift and go to state 14
    GLM             shift and go to state 15
    GLN             shift and go to state 16
    GLO             shift and go to state 17
    GLP             shift and go to state 18
    GLQ             shift and go to state 19
    GLR             shift and go to state 20
    GLS             shift and go to state 21
    GLT             shift and go to state 22
    GLU             shift and go to state 23
    GLV             shift and go to state 24
    GLW             shift and go to state 25
    GLX             shift and go to state 26
    GLY             shift and go to state 27
    GLZ             shift and go to state 28
    GL1             shift and go to state 29
    GL2             shift and go to state 30
    GL3             shift and go to state 31
    GL4             shift and go to state 32
    GL5             shift and go to state 33
    GL6             shift and go to state 34
    GL7             shift and go to state 35
    GL8             shift and go to state 36
    GL9             shift and go to state 37
    GL10            shift and go to state 38
    GL11            shift and go to state 39
    GL12            shift and go to state 40
    GL13            shift and go to state 41
    GL14            shift and go to state 42
    REFLEXIVO_INICIO shift and go to state 43
    REFLEXIVO_CLAUSURA shift and go to state 44
    REFLEXIVO_FUEGO shift and go to state 45
    REFLEXIVO_TIERRA shift and go to state 46
    REFLEXIVO_LLAVE1 shift and go to state 47
    REFLEXIVO_LLAVE2 shift and go to state 48
    REFLEXIVO_LLAVE3 shift and go to state 49
    SIS_MEMORIA     shift and go to state 50
    SIS_CICLO       shift and go to state 51
    SIS_ENTIDAD     shift and go to state 52
    SIS_DESPERTAR   shift and go to state 53
    SIS_MUTANTE     shift and go to state 54
    INT_CONEXION    shift and go to state 55
    INT_DIALOGO     shift and go to state 56
    INT_RUPTURA     shift and go to state 57
    INT_NEXO        shift and go to state 58
    INT_META        shift and go to state 59
    RETROACCION     shift and go to state 60
    FLUJO_CICLICO   shift and go to state 61
    TEMPORALIDAD    shift and go to state 62
    PERSISTENCIA    shift and go to state 63
    INSTANTANEO     shift and go to state 64
    CADENCIA        shift and go to state 65
    NOT_LOGICO      shift and go to state 66
    PROBABILIDAD    shift and go to state 67
    EMERGENCIA      shift and go to state 68
    SUPERINDICE     shift and go to state 69
    SUBINDICE       shift and go to state 70
    PARENTESIS_FUERTE_ABRE shift and go to state 71
    PARENTESIS_FLUIDO_ABRE shift and go to state 72
    HALT            shift and go to state 73
    PURGE           shift and go to state 74
    ISOLATE         shift and go to state 75
    AUDIT           shift and go to state 76
    KILL            shift and go to state 77

    expresion                      shift and go to state 112

state 86

    (67) expresion -> expresion POTENCIACION . expresion
    (2) expresion -> . GLA
    (3) expresion -> . GLB
    (4) expresion -> . GLC
    (5) expresion -> . GLD
    (6) expresion -> . GLE
    (7) expresion -> . GLF
    (8) expresion -> . GLG
    (9) expresion -> . GLH
    (10) expresion -> . GLI
    (11) expresion -> . GLJ
    (12) expresion -> . GLK
    (13) expresion -> . GLL
    (14) expresion -> . GLM
    (15) expresion -> . GLN
    (16) expresion -> . GLO
    (17) expresion -> . GLP
    (18) expresion -> . GLQ
    (19) expresion -> . GLR
    (20) expresion -> . GLS
    (21) expresion -> . GLT
    (22) expresion -> . GLU
    (23) expresion -> . GLV
    (24) expresion -> . GLW
    (25) expresion -> . GLX
    (26) expresion -> . GLY
    (27) expresion -> . GLZ
    (28) expresion -> . GL1
    (29) expresion -> . GL2
    (30) expresion -> . GL3
    (31) expresion -> . GL4
    (32) expresion -> . GL5
    (33) expresion -> . GL6
    (34) expresion -> . GL7
    (35) expresion -> . GL8
    (36) expresion -> . GL9
    (37) expresion -> . GL10
    (38) expresion -> . GL11
    (39) expresion -> . GL12
    (40) expresion -> . GL13
    (41) expresion -> . GL14
    (42) expresion -> . REFLEXIVO_INICIO
    (43) expresion -> . REFLEXIVO_CLAUSURA
    (44) expresion -> . REFLEXIVO_FUEGO
    (45) expresion -> . REFLEXIVO_TIERRA
    (46) expresion -> . REFLEXIVO_LLAVE1
    (47) expresion -> . REFLEXIVO_LLAVE2
    (48) expresion -> . REFLEXIVO_LLAVE3
    (49) expresion -> . SIS_MEMORIA
    (50) expresion -> . SIS_CICLO
    (51) expresion -> . SIS_ENTIDAD
    (52) expresion -> . SIS_DESPERTAR
    (53) expresion -> . SIS_MUTANTE
    (54) expresion -> . INT_CONEXION
    (55) expresion -> . INT_DIALOGO
    (56) expresion -> . INT_RUPTURA
    (57) expresion -> . INT_NEXO
    (58) expresion -> . INT_META
    (59) expresion -> . expresion SUMA expresion
    (60) expresion -> . expresion RESTA expresion
    (61) expresion -> . expresion MULTIPLICACION expresion
    (62) expresion -> . expresion DIVISION expresion
    (63) expresion -> . expresion APROXIMACION expresion
    (64) expresion -> . expresion FUSION expresion
    (65) expresion -> . expresion COLISION expresion
    (66) expresion -> . expresion INTERCAMBIO expresion
    (67) expresion -> . expresion POTENCIACION expresion
    (68) expresion -> . expresion ATENUACION expresion
    (69) expresion -> . expresion RESULTADO expresion
    (70) expresion -> . expresion FLUJO_ORIENTADO expresion
    (71) expresion -> . RETROACCION expresion
    (72) expresion -> . FLUJO_CICLICO expresion
    (73) expresion -> . TEMPORALIDAD expresion
    (74) expresion -> . PERSISTENCIA expresion
    (75) expresion -> . INSTANTANEO expresion
    (76) expresion -> . CADENCIA expresion
    (77) expresion -> . expresion OR_LOGICO expresion
    (78) expresion -> . expresion AND_LOGICO expresion
    (79) expresion -> . NOT_LOGICO expresion
    (80) expresion -> . PROBABILIDAD expresion
    (81) expresion -> . EMERGENCIA expresion
    (82) expresion -> . SUPERINDICE expresion
    (83) expresion -> . SUBINDICE expresion
    (84) expresion -> . PARENTESIS_FUERTE_ABRE expresion PARENTESIS_FUERTE_CIERRA
    (85) expresion -> . PARENTESIS_FLUIDO_ABRE expresion PARENTESIS_FLUIDO_CIERRA
    (86) expresion -> . HALT
    (87) expresion -> . PURGE
    (88) expresion -> . ISOLATE
    (89) expresion -> . AUDIT
    (90) expresion -> . KILL

    GLA             shift and go to state 3
    GLB             shift and go to state 4
    GLC             shift and go to state 5
    GLD             shift and go to state 6
    GLE             shift and go to state 7
    GLF             shift and go to state 8
    GLG             shift and go to state 9
    GLH             shift and go to state 10
    GLI             shift and go to state 11
    GLJ             shift and go to state 12
    GLK             shift and go to state 13
    GLL             shift and go to state 14
    GLM             shift and go to state 15
    GLN             shift and go to state 16
    GLO             shift and go to state 17
    GLP             shift and go to state 18
    GLQ             shift and go to state 19
    GLR             shift and go to state 20
    GLS             shift and go to state 21
    GLT             shift and go to state 22
    GLU             shift and go to state 23
    GLV             shift and go to state 24
    GLW             shift and go to state 25
    GLX             shift and go to state 26
    GLY             shift and go to state 27
    GLZ             shift and go to state 28
    GL1             shift and go to state 29
    GL2             shift and go to state 30
    GL3             shift and go to state 31
    GL4             shift and go to state 32
    GL5             shift and go to state 33
    GL6             shift and go to state 34
    GL7             shift and go to state 35
    GL8             shift and go to state 36
    GL9             shift and go to state 37
    GL10            shift and go to state 38
    GL11            shift and go to state 39
    GL12            shift and go to state 40
    GL13            shift and go to state 41
    GL14            shift and go to state 42
    REFLEXIVO_INICIO shift and go to state 43
    REFLEXIVO_CLAUSURA shift and go to state 44
    REFLEXIVO_FUEGO shift and go to state 45
    REFLEXIVO_TIERRA shift and go to state 46
    REFLEXIVO_LLAVE1 shift and go to state 47
    REFLEXIVO_LLAVE2 shift and go to state 48
    REFLEXIVO_LLAVE3 shift and go to state 49
    SIS_MEMORIA     shift and go to state 50
    SIS_CICLO       shift and go to state 51
    SIS_ENTIDAD     shift and go to state 52
    SIS_DESPERTAR   shift and go to state 53
    SIS_MUTANTE     shift and go to state 54
    INT_CONEXION    shift and go to state 55
    INT_DIALOGO     shift and go to state 56
    INT_RUPTURA     shift and go to state 57
    INT_NEXO        shift and go to state 58
    INT_META        shift and go to state 59
    RETROACCION     shift and go to state 60
    FLUJO_CICLICO   shift and go to state 61
    TEMPORALIDAD    shift and go to state 62
    PERSISTENCIA    shift and go to state 63
    INSTANTANEO     shift and go to state 64
    CADENCIA        shift and go to state 65
    NOT_LOGICO      shift and go to state 66
    PROBABILIDAD    shift and go to state 67
    EMERGENCIA      shift and go to state 68
    SUPERINDICE     shift and go to state 69
    SUBINDICE       shift and go to state 70
    PARENTESIS_FUERTE_ABRE shift and go to state 71
    PARENTESIS_FLUIDO_ABRE shift and go to state 72
    HALT            shift and go to state 73
    PURGE           shift and go to state 74
    ISOLATE         shift and go to state 75
    AUDIT           shift and go to state 76
    KILL            shift and go to state 77

    expresion                      shift and go to state 113

state 87

    (68) expresion -> expresion ATENUACION . expresion
    (2) expresion -> . GLA
    (3) expresion -> . GLB
    (4) expresion -> . GLC
    (5) expresion -> . GLD
    (6) expresion -> . GLE
    (7) expresion -> . GLF
    (8) expresion -> . GLG
    (9) expresion -> . GLH
    (10) expresion -> . GLI
    (11) expresion -> . GLJ
    (12) expresion -> . GLK
    (13) expresion -> . GLL
    (14) expresion -> . GLM
    (15) expresion -> . GLN
    (16) expresion -> . GLO
    (17) expresion -> . GLP
    (18) expresion -> . GLQ
    (19) expresion -> . GLR
    (20) expresion -> . GLS
    (21) expresion -> . GLT
    (22) expresion -> . GLU
    (23) expresion -> . GLV
    (24) expresion -> . GLW
    (25) expresion -> . GLX
    (26) expresion -> . GLY
    (27) expresion -> . GLZ
    (28) expresion -> . GL1
    (29) expresion -> . GL2
    (30) expresion -> . GL3
    (31) expresion -> . GL4
    (32) expresion -> . GL5
    (33) expresion -> . GL6
    (34) expresion -> . GL7
    (35) expresion -> . GL8
    (36) expresion -> . GL9
    (37) expresion -> . GL10
    (38) expresion -> . GL11
    (39) expresion -> . GL12
    (40) expresion -> . GL13
    (41) expresion -> . GL14
    (42) expresion -> . REFLEXIVO_INICIO
    (43) expresion -> . REFLEXIVO_CLAUSURA
    (44) expresion -> . REFLEXIVO_FUEGO
    (45) expresion -> . REFLEXIVO_TIERRA
    (46) expresion -> . REFLEXIVO_LLAVE1
    (47) expresion -> . REFLEXIVO_LLAVE2
    (48) expresion -> . REFLEXIVO_LLAVE3
    (49) expresion -> . SIS_MEMORIA
    (50) expresion -> . SIS_CICLO
    (51) expresion -> . SIS_ENTIDAD
    (52) expresion -> . SIS_DESPERTAR
    (53) expresion -> . SIS_MUTANTE
    (54) expresion -> . INT_CONEXION
    (55) expresion -> . INT_DIALOGO
    (56) expresion -> . INT_RUPTURA
    (57) expresion -> . INT_NEXO
    (58) expresion -> . INT_META
    (59) expresion -> . expresion SUMA expresion
    (60) expresion -> . expresion RESTA expresion
    (61) expresion -> . expresion MULTIPLICACION expresion
    (62) expresion -> . expresion DIVISION expresion
    (63) expresion -> . expresion APROXIMACION expresion
    (64) expresion -> . expresion FUSION expresion
    (65) expresion -> . expresion COLISION expresion
    (66) expresion -> . expresion INTERCAMBIO expresion
    (67) expresion -> . expresion POTENCIACION expresion
    (68) expresion -> . expresion ATENUACION expresion
    (69) expresion -> . expresion RESULTADO expresion
    (70) expresion -> . expresion FLUJO_ORIENTADO expresion
    (71) expresion -> . RETROACCION expresion
    (72) expresion -> . FLUJO_CICLICO expresion
    (73) expresion -> . TEMPORALIDAD expresion
    (74) expresion -> . PERSISTENCIA expresion
    (75) expresion -> . INSTANTANEO expresion
    (76) expresion -> . CADENCIA expresion
    (77) expresion -> . expresion OR_LOGICO expresion
    (78) expresion -> . expresion AND_LOGICO expresion
    (79) expresion -> . NOT_LOGICO expresion
    (80) expresion -> . PROBABILIDAD expresion
    (81) expresion -> . EMERGENCIA expresion
    (82) expresion -> . SUPERINDICE expresion
    (83) expresion -> . SUBINDICE expresion
    (84) expresion -> . PARENTESIS_FUERTE_ABRE expresion PARENTESIS_FUERTE_CIERRA
    (85) expresion -> . PARENTESIS_FLUIDO_ABRE expresion PARENTESIS_FLUIDO_CIERRA
    (86) expresion -> . HALT
    (87) expresion -> . PURGE
    (88) expresion -> . ISOLATE
    (89) expresion -> . AUDIT
    (90) expresion -> . KILL

    GLA             shift and go to state 3
    GLB             shift and go to state 4
    GLC             shift and go to state 5
    GLD             shift and go to state 6
    GLE             shift and go to state 7
    GLF             shift and go to state 8
    GLG             shift and go to state 9
    GLH             shift and go to state 10
    GLI             shift and go to state 11
    GLJ             shift and go to state 12
    GLK             shift and go to state 13
    GLL             shift and go to state 14
    GLM             shift and go to state 15
    GLN             shift and go to state 16
    GLO             shift and go to state 17
    GLP             shift and go to state 18
    GLQ             shift and go to state 19
    GLR             shift and go to state 20
    GLS             shift and go to state 21
    GLT             shift and go to state 22
    GLU             shift and go to state 23
    GLV             shift and go to state 24
    GLW             shift and go to state 25
    GLX             shift and go to state 26
    GLY             shift and go to state 27
    GLZ             shift and go to state 28
    GL1             shift and go to state 29
    GL2             shift and go to state 30
    GL3             shift and go to state 31
    GL4             shift and go to state 32
    GL5             shift and go to state 33
    GL6             shift and go to state 34
    GL7             shift and go to state 35
    GL8             shift and go to state 36
    GL9             shift and go to state 37
    GL10            shift and go to state 38
    GL11            shift and go to state 39
    GL12            shift and go to state 40
    GL13            shift and go to state 41
    GL14            shift and go to state 42
    REFLEXIVO_INICIO shift and go to state 43
    REFLEXIVO_CLAUSURA shift and go to state 44
    REFLEXIVO_FUEGO shift and go to state 45
    REFLEXIVO_TIERRA shift and go to state 46
    REFLEXIVO_LLAVE1 shift and go to state 47
    REFLEXIVO_LLAVE2 shift and go to state 48
    REFLEXIVO_LLAVE3 shift and go to state 49
    SIS_MEMORIA     shift and go to state 50
    SIS_CICLO       shift and go to state 51
    SIS_ENTIDAD     shift and go to state 52
    SIS_DESPERTAR   shift and go to state 53
    SIS_MUTANTE     shift and go to state 54
    INT_CONEXION    shift and go to state 55
    INT_DIALOGO     shift and go to state 56
    INT_RUPTURA     shift and go to state 57
    INT_NEXO        shift and go to state 58
    INT_META        shift and go to state 59
    RETROACCION     shift and go to state 60
    FLUJO_CICLICO   shift and go to state 61
    TEMPORALIDAD    shift and go to state 62
    PERSISTENCIA    shift and go to state 63
    INSTANTANEO     shift and go to state 64
    CADENCIA        shift and go to state 65
    NOT_LOGICO      shift and go to state 66
    PROBABILIDAD    shift and go to state 67
    EMERGENCIA      shift and go to state 68
    SUPERINDICE     shift and go to state 69
    SUBINDICE       shift and go to state 70
    PARENTESIS_FUERTE_ABRE shift and go to state 71
    PARENTESIS_FLUIDO_ABRE shift and go to state 72
    HALT            shift and go to state 73
    PURGE           shift and go to state 74
    ISOLATE         shift and go to state 75
    AUDIT           shift and go to state 76
    KILL            shift and go to state 77

    expresion                      shift and go to state 114

state 88

    (69) expresion -> expresion RESULTADO . expresion
    (2) expresion -> . GLA
    (3) expresion -> . GLB
    (4) expresion -> . GLC
    (5) expresion -> . GLD
    (6) expresion -> . GLE
    (7) expresion -> . GLF
    (8) expresion -> . GLG
    (9) expresion -> . GLH
    (10) expresion -> . GLI
    (11) expresion -> . GLJ
    (12) expresion -> . GLK
    (13) expresion -> . GLL
    (14) expresion -> . GLM
    (15) expresion -> . GLN
    (16) expresion -> . GLO
    (17) expresion -> . GLP
    (18) expresion -> . GLQ
    (19) expresion -> . GLR
    (20) expresion -> . GLS
    (21) expresion -> . GLT
    (22) expresion -> . GLU
    (23) expresion -> . GLV
    (24) expresion -> . GLW
    (25) expresion -> . GLX
    (26) expresion -> . GLY
    (27) expresion -> . GLZ
    (28) expresion -> . GL1
    (29) expresion -> . GL2
    (30) expresion -> . GL3
    (31) expresion -> . GL4
    (32) expresion -> . GL5
    (33) expresion -> . GL6
    (34) expresion -> . GL7
    (35) expresion -> . GL8
    (36) expresion -> . GL9
    (37) expresion -> . GL10
    (38) expresion -> . GL11
    (39) expresion -> . GL12
    (40) expresion -> . GL13
    (41) expresion -> . GL14
    (42) expresion -> . REFLEXIVO_INICIO
    (43) expresion -> . REFLEXIVO_CLAUSURA
    (44) expresion -> . REFLEXIVO_FUEGO
    (45) expresion -> . REFLEXIVO_TIERRA
    (46) expresion -> . REFLEXIVO_LLAVE1
    (47) expresion -> . REFLEXIVO_LLAVE2
    (48) expresion -> . REFLEXIVO_LLAVE3
    (49) expresion -> . SIS_MEMORIA
    (50) expresion -> . SIS_CICLO
    (51) expresion -> . SIS_ENTIDAD
    (52) expresion -> . SIS_DESPERTAR
    (53) expresion -> . SIS_MUTANTE
    (54) expresion -> . INT_CONEXION
    (55) expresion -> . INT_DIALOGO
    (56) expresion -> . INT_RUPTURA
    (57) expresion -> . INT_NEXO
    (58) expresion -> . INT_META
    (59) expresion -> . expresion SUMA expresion
    (60) expresion -> . expresion RESTA expresion
    (61) expresion -> . expresion MULTIPLICACION expresion
    (62) expresion -> . expresion DIVISION expresion
    (63) expresion -> . expresion APROXIMACION expresion
    (64) expresion -> . expresion FUSION expresion
    (65) expresion -> . expresion COLISION expresion
    (66) expresion -> . expresion INTERCAMBIO expresion
    (67) expresion -> . expresion POTENCIACION expresion
    (68) expresion -> . expresion ATENUACION expresion
    (69) expresion -> . expresion RESULTADO expresion
    (70) expresion -> . expresion FLUJO_ORIENTADO expresion
    (71) expresion -> . RETROACCION expresion
    (72) expresion -> . FLUJO_CICLICO expresion
    (73) expresion -> . TEMPORALIDAD expresion
    (74) expresion -> . PERSISTENCIA expresion
    (75) expresion -> . INSTANTANEO expresion
    (76) expresion -> . CADENCIA expresion
    (77) expresion -> . expresion OR_LOGICO expresion
    (78) expresion -> . expresion AND_LOGICO expresion
    (79) expresion -> . NOT_LOGICO expresion
    (80) expresion -> . PROBABILIDAD expresion
    (81) expresion -> . EMERGENCIA expresion
    (82) expresion -> . SUPERINDICE expresion
    (83) expresion -> . SUBINDICE expresion
    (84) expresion -> . PARENTESIS_FUERTE_ABRE expresion PARENTESIS_FUERTE_CIERRA
    (85) expresion -> . PARENTESIS_FLUIDO_ABRE expresion PARENTESIS_FLUIDO_CIERRA
    (86) expresion -> . HALT
    (87) expresion -> . PURGE
    (88) expresion -> . ISOLATE
    (89) expresion -> . AUDIT
    (90) expresion -> . KILL

    GLA             shift and go to state 3
    GLB             shift and go to state 4
    GLC             shift and go to state 5
    GLD             shift and go to state 6
    GLE             shift and go to state 7
    GLF             shift and go to state 8
    GLG             shift and go to state 9
    GLH             shift and go to state 10
    GLI             shift and go to state 11
    GLJ             shift and go to state 12
    GLK             shift and go to state 13
    GLL             shift and go to state 14
    GLM             shift and go to state 15
    GLN             shift and go to state 16
    GLO             shift and go to state 17
    GLP             shift and go to state 18
    GLQ             shift and go to state 19
    GLR             shift and go to state 20
    GLS             shift and go to state 21
    GLT             shift and go to state 22
    GLU             shift and go to state 23
    GLV             shift and go to state 24
    GLW             shift and go to state 25
    GLX             shift and go to state 26
    GLY             shift and go to state 27
    GLZ             shift and go to state 28
    GL1             shift and go to state 29
    GL2             shift and go to state 30
    GL3             shift and go to state 31
    GL4             shift and go to state 32
    GL5             shift and go to state 33
    GL6             shift and go to state 34
    GL7             shift and go to state 35
    GL8             shift and go to state 36
    GL9             shift and go to state 37
    GL10            shift and go to state 38
    GL11            shift and go to state 39
    GL12            shift and go to state 40
    GL13            shift and go to state 41
    GL14            shift and go to state 42
    REFLEXIVO_INICIO shift and go to state 43
    REFLEXIVO_CLAUSURA shift and go to state 44
    REFLEXIVO_FUEGO shift and go to state 45
    REFLEXIVO_TIERRA shift and go to state 46
    REFLEXIVO_LLAVE1 shift and go to state 47
    REFLEXIVO_LLAVE2 shift and go to state 48
    REFLEXIVO_LLAVE3 shift and go to state 49
    SIS_MEMORIA     shift and go to state 50
    SIS_CICLO       shift and go to state 51
    SIS_ENTIDAD     shift and go to state 52
    SIS_DESPERTAR   shift and go to state 53
    SIS_MUTANTE     shift and go to state 54
    INT_CONEXION    shift and go to state 55
    INT_DIALOGO     shift and go to state 56
    INT_RUPTURA     shift and go to state 57
    INT_NEXO        shift and go to state 58
    INT_META        shift and go to state 59
    RETROACCION     shift and go to state 60
    FLUJO_CICLICO   shift and go to state 61
    TEMPORALIDAD    shift and go to state 62
    PERSISTENCIA    shift and go to state 63
    INSTANTANEO     shift and go to state 64
    CADENCIA        shift and go to state 65
    NOT_LOGICO      shift and go to state 66
    PROBABILIDAD    shift and go to state 67
    EMERGENCIA      shift and go to state 68
    SUPERINDICE     shift and go to state 69
    SUBINDICE       shift and go to state 70
    PARENTESIS_FUERTE_ABRE shift and go to state 71
    PARENTESIS_FLUIDO_ABRE shift and go to state 72
    HALT            shift and go to state 73
    PURGE           shift and go to state 74
    ISOLATE         shift and go to state 75
    AUDIT           shift and go to state 76
    KILL            shift and go to state 77

    expresion                      shift and go to state 115

state 89

    (70) expresion -> expresion FLUJO_ORIENTADO . expresion
    (2) expresion -> . GLA
    (3) expresion -> . GLB
    (4) expresion -> . GLC
    (5) expresion -> . GLD
    (6) expresion -> . GLE
    (7) expresion -> . GLF
    (8) expresion -> . GLG
    (9) expresion -> . GLH
    (10) expresion -> . GLI
    (11) expresion -> . GLJ
    (12) expresion -> . GLK
    (13) expresion -> . GLL
    (14) expresion -> . GLM
    (15) expresion -> . GLN
    (16) expresion -> . GLO
    (17) expresion -> . GLP
    (18) expresion -> . GLQ
    (19) expresion -> . GLR
    (20) expresion -> . GLS
    (21) expresion -> . GLT
    (22) expresion -> . GLU
    (23) expresion -> . GLV
    (24) expresion -> . GLW
    (25) expresion -> . GLX
    (26) expresion -> . GLY
    (27) expresion -> . GLZ
    (28) expresion -> . GL1
    (29) expresion -> . GL2
    (30) expresion -> . GL3
    (31) expresion -> . GL4
    (32) expresion -> . GL5
    (33) expresion -> . GL6
    (34) expresion -> . GL7
    (35) expresion -> . GL8
    (36) expresion -> . GL9
    (37) expresion -> . GL10
    (38) expresion -> . GL11
    (39) expresion -> . GL12
    (40) expresion -> . GL13
    (41) expresion -> . GL14
    (42) expresion -> . REFLEXIVO_INICIO
    (43) expresion -> . REFLEXIVO_CLAUSURA
    (44) expresion -> . REFLEXIVO_FUEGO
    (45) expresion -> . REFLEXIVO_TIERRA
    (46) expresion -> . REFLEXIVO_LLAVE1
    (47) expresion -> . REFLEXIVO_LLAVE2
    (48) expresion -> . REFLEXIVO_LLAVE3
    (49) expresion -> . SIS_MEMORIA
    (50) expresion -> . SIS_CICLO
    (51) expresion -> . SIS_ENTIDAD
    (52) expresion -> . SIS_DESPERTAR
    (53) expresion -> . SIS_MUTANTE
    (54) expresion -> . INT_CONEXION
    (55) expresion -> . INT_DIALOGO
    (56) expresion -> . INT_RUPTURA
    (57) expresion -> . INT_NEXO
    (58) expresion -> . INT_META
    (59) expresion -> . expresion SUMA expresion
    (60) expresion -> . expresion RESTA expresion
    (61) expresion -> . expresion MULTIPLICACION expresion
    (62) expresion -> . expresion DIVISION expresion
    (63) expresion -> . expresion APROXIMACION expresion
    (64) expresion -> . expresion FUSION expresion
    (65) expresion -> . expresion COLISION expresion
    (66) expresion -> . expresion INTERCAMBIO expresion
    (67) expresion -> . expresion POTENCIACION expresion
    (68) expresion -> . expresion ATENUACION expresion
    (69) expresion -> . expresion RESULTADO expresion
    (70) expresion -> . expresion FLUJO_ORIENTADO expresion
    (71) expresion -> . RETROACCION expresion
    (72) expresion -> . FLUJO_CICLICO expresion
    (73) expresion -> . TEMPORALIDAD expresion
    (74) expresion -> . PERSISTENCIA expresion
    (75) expresion -> . INSTANTANEO expresion
    (76) expresion -> . CADENCIA expresion
    (77) expresion -> . expresion OR_LOGICO expresion
    (78) expresion -> . expresion AND_LOGICO expresion
    (79) expresion -> . NOT_LOGICO expresion
    (80) expresion -> . PROBABILIDAD expresion
    (81) expresion -> . EMERGENCIA expresion
    (82) expresion -> . SUPERINDICE expresion
    (83) expresion -> . SUBINDICE expresion
    (84) expresion -> . PARENTESIS_FUERTE_ABRE expresion PARENTESIS_FUERTE_CIERRA
    (85) expresion -> . PARENTESIS_FLUIDO_ABRE expresion PARENTESIS_FLUIDO_CIERRA
    (86) expresion -> . HALT
    (87) expresion -> . PURGE
    (88) expresion -> . ISOLATE
    (89) expresion -> . AUDIT
    (90) expresion -> . KILL

    GLA             shift and go to state 3
    GLB             shift and go to state 4
    GLC             shift and go to state 5
    GLD             shift and go to state 6
    GLE             shift and go to state 7
    GLF             shift and go to state 8
    GLG             shift and go to state 9
    GLH             shift and go to state 10
    GLI             shift and go to state 11
    GLJ             shift and go to state 12
    GLK             shift and go to state 13
    GLL             shift and go to state 14
    GLM             shift and go to state 15
    GLN             shift and go to state 16
    GLO             shift and go to state 17
    GLP             shift and go to state 18
    GLQ             shift and go to state 19
    GLR             shift and go to state 20
    GLS             shift and go to state 21
    GLT             shift and go to state 22
    GLU             shift and go to state 23
    GLV             shift and go to state 24
    GLW             shift and go to state 25
    GLX             shift and go to state 26
    GLY             shift and go to state 27
    GLZ             shift and go to state 28
    GL1             shift and go to state 29
    GL2             shift and go to state 30
    GL3             shift and go to state 31
    GL4             shift and go to state 32
    GL5             shift and go to state 33
    GL6             shift and go to state 34
    GL7             shift and go to state 35
    GL8             shift and go to state 36
    GL9             shift and go to state 37
    GL10            shift and go to state 38
    GL11            shift and go to state 39
    GL12            shift and go to state 40
    GL13            shift and go to state 41
    GL14            shift and go to state 42
    REFLEXIVO_INICIO shift and go to state 43
    REFLEXIVO_CLAUSURA shift and go to state 44
    REFLEXIVO_FUEGO shift and go to state 45
    REFLEXIVO_TIERRA shift and go to state 46
    REFLEXIVO_LLAVE1 shift and go to state 47
    REFLEXIVO_LLAVE2 shift and go to state 48
    REFLEXIVO_LLAVE3 shift and go to state 49
    SIS_MEMORIA     shift and go to state 50
    SIS_CICLO       shift and go to state 51
    SIS_ENTIDAD     shift and go to state 52
    SIS_DESPERTAR   shift and go to state 53
    SIS_MUTANTE     shift and go to state 54
    INT_CONEXION    shift and go to state 55
    INT_DIALOGO     shift and go to state 56
    INT_RUPTURA     shift and go to state 57
    INT_NEXO        shift and go to state 58
    INT_META        shift and go to state 59
    RETROACCION     shift and go to state 60
    FLUJO_CICLICO   shift and go to state 61
    TEMPORALIDAD    shift and go to state 62
    PERSISTENCIA    shift and go to state 63
    INSTANTANEO     shift and go to state 64
    CADENCIA        shift and go to state 65
    NOT_LOGICO      shift and go to state 66
    PROBABILIDAD    shift and go to state 67
    EMERGENCIA      shift and go to state 68
    SUPERINDICE     shift and go to state 69
    SUBINDICE       shift and go to state 70
    PARENTESIS_FUERTE_ABRE shift and go to state 71
    PARENTESIS_FLUIDO_ABRE shift and go to state 72
    HALT            shift and go to state 73
    PURGE           shift and go to state 74
    ISOLATE         shift and go to state 75
    AUDIT           shift and go to state 76
    KILL            shift and go to state 77

    expresion                      shift and go to state 116

state 90

    (77) expresion -> expresion OR_LOGICO . expresion
    (2) expresion -> . GLA
    (3) expresion -> . GLB
    (4) expresion -> . GLC
    (5) expresion -> . GLD
    (6) expresion -> . GLE
    (7) expresion -> . GLF
    (8) expresion -> . GLG
    (9) expresion -> . GLH
    (10) expresion -> . GLI
    (11) expresion -> . GLJ
    (12) expresion -> . GLK
    (13) expresion -> . GLL
    (14) expresion -> . GLM
    (15) expresion -> . GLN
    (16) expresion -> . GLO
    (17) expresion -> . GLP
    (18) expresion -> . GLQ
    (19) expresion -> . GLR
    (20) expresion -> . GLS
    (21) expresion -> . GLT
    (22) expresion -> . GLU
    (23) expresion -> . GLV
    (24) expresion -> . GLW
    (25) expresion -> . GLX
    (26) expresion -> . GLY
    (27) expresion -> . GLZ
    (28) expresion -> . GL1
    (29) expresion -> . GL2
    (30) expresion -> . GL3
    (31) expresion -> . GL4
    (32) expresion -> . GL5
    (33) expresion -> . GL6
    (34) expresion -> . GL7
    (35) expresion -> . GL8
    (36) expresion -> . GL9
    (37) expresion -> . GL10
    (38) expresion -> . GL11
    (39) expresion -> . GL12
    (40) expresion -> . GL13
    (41) expresion -> . GL14
    (42) expresion -> . REFLEXIVO_INICIO
    (43) expresion -> . REFLEXIVO_CLAUSURA
    (44) expresion -> . REFLEXIVO_FUEGO
    (45) expresion -> . REFLEXIVO_TIERRA
    (46) expresion -> . REFLEXIVO_LLAVE1
    (47) expresion -> . REFLEXIVO_LLAVE2
    (48) expresion -> . REFLEXIVO_LLAVE3
    (49) expresion -> . SIS_MEMORIA
    (50) expresion -> . SIS_CICLO
    (51) expresion -> . SIS_ENTIDAD
    (52) expresion -> . SIS_DESPERTAR
    (53) expresion -> . SIS_MUTANTE
    (54) expresion -> . INT_CONEXION
    (55) expresion -> . INT_DIALOGO
    (56) expresion -> . INT_RUPTURA
    (57) expresion -> . INT_NEXO
    (58) expresion -> . INT_META
    (59) expresion -> . expresion SUMA expresion
    (60) expresion -> . expresion RESTA expresion
    (61) expresion -> . expresion MULTIPLICACION expresion
    (62) expresion -> . expresion DIVISION expresion
    (63) expresion -> . expresion APROXIMACION expresion
    (64) expresion -> . expresion FUSION expresion
    (65) expresion -> . expresion COLISION expresion
    (66) expresion -> . expresion INTERCAMBIO expresion
    (67) expresion -> . expresion POTENCIACION expresion
    (68) expresion -> . expresion ATENUACION expresion
    (69) expresion -> . expresion RESULTADO expresion
    (70) expresion -> . expresion FLUJO_ORIENTADO expresion
    (71) expresion -> . RETROACCION expresion
    (72) expresion -> . FLUJO_CICLICO expresion
    (73) expresion -> . TEMPORALIDAD expresion
    (74) expresion -> . PERSISTENCIA expresion
    (75) expresion -> . INSTANTANEO expresion
    (76) expresion -> . CADENCIA expresion
    (77) expresion -> . expresion OR_LOGICO expresion
    (78) expresion -> . expresion AND_LOGICO expresion
    (79) expresion -> . NOT_LOGICO expresion
    (80) expresion -> . PROBABILIDAD expresion
    (81) expresion -> . EMERGENCIA expresion
    (82) expresion -> . SUPERINDICE expresion
    (83) expresion -> . SUBINDICE expresion
    (84) expresion -> . PARENTESIS_FUERTE_ABRE expresion PARENTESIS_FUERTE_CIERRA
    (85) expresion -> . PARENTESIS_FLUIDO_ABRE expresion PARENTESIS_FLUIDO_CIERRA
    (86) expresion -> . HALT
    (87) expresion -> . PURGE
    (88) expresion -> . ISOLATE
    (89) expresion -> . AUDIT
    (90) expresion -> . KILL

    GLA             shift and go to state 3
    GLB             shift and go to state 4
    GLC             shift and go to state 5
    GLD             shift and go to state 6
    GLE             shift and go to state 7
    GLF             shift and go to state 8
    GLG             shift and go to state 9
    GLH             shift and go to state 10
    GLI             shift and go to state 11
    GLJ             shift and go to state 12
    GLK             shift and go to state 13
    GLL             shift and go to state 14
    GLM             shift and go to state 15
    GLN             shift and go to state 16
    GLO             shift and go to state 17
    GLP             shift and go to state 18
    GLQ             shift and go to state 19
    GLR             shift and go to state 20
    GLS             shift and go to state 21
    GLT             shift and go to state 22
    GLU             shift and go to state 23
    GLV             shift and go to state 24
    GLW             shift and go to state 25
    GLX             shift and go to state 26
    GLY             shift and go to state 27
    GLZ             shift and go to state 28
    GL1             shift and go to state 29
    GL2             shift and go to state 30
    GL3             shift and go to state 31
    GL4             shift and go to state 32
    GL5             shift and go to state 33
    GL6             shift and go to state 34
    GL7             shift and go to state 35
    GL8             shift and go to state 36
    GL9             shift and go to state 37
    GL10            shift and go to state 38
    GL11            shift and go to state 39
    GL12            shift and go to state 40
    GL13            shift and go to state 41
    GL14            shift and go to state 42
    REFLEXIVO_INICIO shift and go to state 43
    REFLEXIVO_CLAUSURA shift and go to state 44
    REFLEXIVO_FUEGO shift and go to state 45
    REFLEXIVO_TIERRA shift and go to state 46
    REFLEXIVO_LLAVE1 shift and go to state 47
    REFLEXIVO_LLAVE2 shift and go to state 48
    REFLEXIVO_LLAVE3 shift and go to state 49
    SIS_MEMORIA     shift and go to state 50
    SIS_CICLO       shift and go to state 51
    SIS_ENTIDAD     shift and go to state 52
    SIS_DESPERTAR   shift and go to state 53
    SIS_MUTANTE     shift and go to state 54
    INT_CONEXION    shift and go to state 55
    INT_DIALOGO     shift and go to state 56
    INT_RUPTURA     shift and go to state 57
    INT_NEXO        shift and go to state 58
    INT_META        shift and go to state 59
    RETROACCION     shift and go to state 60
    FLUJO_CICLICO   shift and go to state 61
    TEMPORALIDAD    shift and go to state 62
    PERSISTENCIA    shift and go to state 63
    INSTANTANEO     shift and go to state 64
    CADENCIA        shift and go to state 65
    NOT_LOGICO      shift and go to state 66
    PROBABILIDAD    shift and go to state 67
    EMERGENCIA      shift and go to state 68
    SUPERINDICE     shift and go to state 69
    SUBINDICE       shift and go to state 70
    PARENTESIS_FUERTE_ABRE shift and go to state 71
    PARENTESIS_FLUIDO_ABRE shift and go to state 72
    HALT            shift and go to state 73
    PURGE           shift and go to state 74
    ISOLATE         shift and go to state 75
    AUDIT           shift and go to state 76
    KILL            shift and go to state 77

    expresion                      shift and go to state 117

state 91

    (78) expresion -> expresion AND_LOGICO . expresion
    (2) expresion -> . GLA
    (3) expresion -> . GLB
    (4) expresion -> . GLC
    (5) expresion -> . GLD
    (6) expresion -> . GLE
    (7) expresion -> . GLF
    (8) expresion -> . GLG
    (9) expresion -> . GLH
    (10) expresion -> . GLI
    (11) expresion -> . GLJ
    (12) expresion -> . GLK
    (13) expresion -> . GLL
    (14) expresion -> . GLM
    (15) expresion -> . GLN
    (16) expresion -> . GLO
    (17) expresion -> . GLP
    (18) expresion -> . GLQ
    (19) expresion -> . GLR
    (20) expresion -> . GLS
    (21) expresion -> . GLT
    (22) expresion -> . GLU
    (23) expresion -> . GLV
    (24) expresion -> . GLW
    (25) expresion -> . GLX
    (26) expresion -> . GLY
    (27) expresion -> . GLZ
    (28) expresion -> . GL1
    (29) expresion -> . GL2
    (30) expresion -> . GL3
    (31) expresion -> . GL4
    (32) expresion -> . GL5
    (33) expresion -> . GL6
    (34) expresion -> . GL7
    (35) expresion -> . GL8
    (36) expresion -> . GL9
    (37) expresion -> . GL10
    (38) expresion -> . GL11
    (39) expresion -> . GL12
    (40) expresion -> . GL13
    (41) expresion -> . GL14
    (42) expresion -> . REFLEXIVO_INICIO
    (43) expresion -> . REFLEXIVO_CLAUSURA
    (44) expresion -> . REFLEXIVO_FUEGO
    (45) expresion -> . REFLEXIVO_TIERRA
    (46) expresion -> . REFLEXIVO_LLAVE1
    (47) expresion -> . REFLEXIVO_LLAVE2
    (48) expresion -> . REFLEXIVO_LLAVE3
    (49) expresion -> . SIS_MEMORIA
    (50) expresion -> . SIS_CICLO
    (51) expresion -> . SIS_ENTIDAD
    (52) expresion -> . SIS_DESPERTAR
    (53) expresion -> . SIS_MUTANTE
    (54) expresion -> . INT_CONEXION
    (55) expresion -> . INT_DIALOGO
    (56) expresion -> . INT_RUPTURA
    (57) expresion -> . INT_NEXO
    (58) expresion -> . INT_META
    (59) expresion -> . expresion SUMA expresion
    (60) expresion -> . expresion RESTA expresion
    (61) expresion -> . expresion MULTIPLICACION expresion
    (62) expresion -> . expresion DIVISION expresion
    (63) expresion -> . expresion APROXIMACION expresion
    (64) expresion -> . expresion FUSION expresion
    (65) expresion -> . expresion COLISION expresion
    (66) expresion -> . expresion INTERCAMBIO expresion
    (67) expresion -> . expresion POTENCIACION expresion
    (68) expresion -> . expresion ATENUACION expresion
    (69) expresion -> . expresion RESULTADO expresion
    (70) expresion -> . expresion FLUJO_ORIENTADO expresion
    (71) expresion -> . RETROACCION expresion
    (72) expresion -> . FLUJO_CICLICO expresion
    (73) expresion -> . TEMPORALIDAD expresion
    (74) expresion -> . PERSISTENCIA expresion
    (75) expresion -> . INSTANTANEO expresion
    (76) expresion -> . CADENCIA expresion
    (77) expresion -> . expresion OR_LOGICO expresion
    (78) expresion -> . expresion AND_LOGICO expresion
    (79) expresion -> . NOT_LOGICO expresion
    (80) expresion -> . PROBABILIDAD expresion
    (81) expresion -> . EMERGENCIA expresion
    (82) expresion -> . SUPERINDICE expresion
    (83) expresion -> . SUBINDICE expresion
    (84) expresion -> . PARENTESIS_FUERTE_ABRE expresion PARENTESIS_FUERTE_CIERRA
    (85) expresion -> . PARENTESIS_FLUIDO_ABRE expresion PARENTESIS_FLUIDO_CIERRA
    (86) expresion -> . HALT
    (87) expresion -> . PURGE
    (88) expresion -> . ISOLATE
    (89) expresion -> . AUDIT
    (90) expresion -> . KILL

    GLA             shift and go to state 3
    GLB             shift and go to state 4
    GLC             shift and go to state 5
    GLD             shift and go to state 6
    GLE             shift and go to state 7
    GLF             shift and go to state 8
    GLG             shift and go to state 9
    GLH             shift and go to state 10
    GLI             shift and go to state 11
    GLJ             shift and go to state 12
    GLK             shift and go to state 13
    GLL             shift and go to state 14
    GLM             shift and go to state 15
    GLN             shift and go to state 16
    GLO             shift and go to state 17
    GLP             shift and go to state 18
    GLQ             shift and go to state 19
    GLR             shift and go to state 20
    GLS             shift and go to state 21
    GLT             shift and go to state 22
    GLU             shift and go to state 23
    GLV             shift and go to state 24
    GLW             shift and go to state 25
    GLX             shift and go to state 26
    GLY             shift and go to state 27
    GLZ             shift and go to state 28
    GL1             shift and go to state 29
    GL2             shift and go to state 30
    GL3             shift and go to state 31
    GL4             shift and go to state 32
    GL5             shift and go to state 33
    GL6             shift and go to state 34
    GL7             shift and go to state 35
    GL8             shift and go to state 36
    GL9             shift and go to state 37
    GL10            shift and go to state 38
    GL11            shift and go to state 39
    GL12            shift and go to state 40
    GL13            shift and go to state 41
    GL14            shift and go to state 42
    REFLEXIVO_INICIO shift and go to state 43
    REFLEXIVO_CLAUSURA shift and go to state 44
    REFLEXIVO_FUEGO shift and go to state 45
    REFLEXIVO_TIERRA shift and go to state 46
    REFLEXIVO_LLAVE1 shift and go to state 47
    REFLEXIVO_LLAVE2 shift and go to state 48
    REFLEXIVO_LLAVE3 shift and go to state 49
    SIS_MEMORIA     shift and go to state 50
    SIS_CICLO       shift and go to state 51
    SIS_ENTIDAD     shift and go to state 52
    SIS_DESPERTAR   shift and go to state 53
    SIS_MUTANTE     shift and go to state 54
    INT_CONEXION    shift and go to state 55
    INT_DIALOGO     shift and go to state 56
    INT_RUPTURA     shift and go to state 57
    INT_NEXO        shift and go to state 58
    INT_META        shift and go to state 59
    RETROACCION     shift and go to state 60
    FLUJO_CICLICO   shift and go to state 61
    TEMPORALIDAD    shift and go to state 62
    PERSISTENCIA    shift and go to state 63
    INSTANTANEO     shift and go to state 64
    CADENCIA        shift and go to state 65
    NOT_LOGICO      shift and go to state 66
    PROBABILIDAD    shift and go to state 67
    EMERGENCIA      shift and go to state 68
    SUPERINDICE     shift and go to state 69
    SUBINDICE       shift and go to state 70
    PARENTESIS_FUERTE_ABRE shift and go to state 71
    PARENTESIS_FLUIDO_ABRE shift and go to state 72
    HALT            shift and go to state 73
    PURGE           shift and go to state 74
    ISOLATE         shift and go to state 75
    AUDIT           shift and go to state 76
    KILL            shift and go to state 77

    expresion                      shift and go to state 118

state 92

    (71) expresion -> RETROACCION expresion .
    (59) expresion -> expresion . SUMA expresion
    (60) expresion -> expresion . RESTA expresion
    (61) expresion -> expresion . MULTIPLICACION expresion
    (62) expresion -> expresion . DIVISION expresion
    (63) expresion -> expresion . APROXIMACION expresion
    (64) expresion -> expresion . FUSION expresion
    (65) expresion -> expresion . COLISION expresion
    (66) expresion -> expresion . INTERCAMBIO expresion
    (67) expresion -> expresion . POTENCIACION expresion
    (68) expresion -> expresion . ATENUACION expresion
    (69) expresion -> expresion . RESULTADO expresion
    (70) expresion -> expresion . FLUJO_ORIENTADO expresion
    (77) expresion -> expresion . OR_LOGICO expresion
    (78) expresion -> expresion . AND_LOGICO expresion

    RESULTADO       reduce using rule 71 (expresion -> RETROACCION expresion .)
    FLUJO_ORIENTADO reduce using rule 71 (expresion -> RETROACCION expresion .)
    $end            reduce using rule 71 (expresion -> RETROACCION expresion .)
    PARENTESIS_FUERTE_CIERRA reduce using rule 71 (expresion -> RETROACCION expresion .)
    PARENTESIS_FLUIDO_CIERRA reduce using rule 71 (expresion -> RETROACCION expresion .)
    SUMA            shift and go to state 78
    RESTA           shift and go to state 79
    MULTIPLICACION  shift and go to state 80
    DIVISION        shift and go to state 81
    APROXIMACION    shift and go to state 82
    FUSION          shift and go to state 83
    COLISION        shift and go to state 84
    INTERCAMBIO     shift and go to state 85
    POTENCIACION    shift and go to state 86
    ATENUACION      shift and go to state 87
    OR_LOGICO       shift and go to state 90
    AND_LOGICO      shift and go to state 91

  ! SUMA            [ reduce using rule 71 (expresion -> RETROACCION expresion .) ]
  ! RESTA           [ reduce using rule 71 (expresion -> RETROACCION expresion .) ]
  ! MULTIPLICACION  [ reduce using rule 71 (expresion -> RETROACCION expresion .) ]
  ! DIVISION        [ reduce using rule 71 (expresion -> RETROACCION expresion .) ]
  ! APROXIMACION    [ reduce using rule 71 (expresion -> RETROACCION expresion .) ]
  ! FUSION          [ reduce using rule 71 (expresion -> RETROACCION expresion .) ]
  ! COLISION        [ reduce using rule 71 (expresion -> RETROACCION expresion .) ]
  ! INTERCAMBIO     [ reduce using rule 71 (expresion -> RETROACCION expresion .) ]
  ! POTENCIACION    [ reduce using rule 71 (expresion -> RETROACCION expresion .) ]
  ! ATENUACION      [ reduce using rule 71 (expresion -> RETROACCION expresion .) ]
  ! OR_LOGICO       [ reduce using rule 71 (expresion -> RETROACCION expresion .) ]
  ! AND_LOGICO      [ reduce using rule 71 (expresion -> RETROACCION expresion .) ]
  ! RESULTADO       [ shift and go to state 88 ]
  ! FLUJO_ORIENTADO [ shift and go to state 89 ]


state 93

    (72) expresion -> FLUJO_CICLICO expresion .
    (59) expresion -> expresion . SUMA expresion
    (60) expresion -> expresion . RESTA expresion
    (61) expresion -> expresion . MULTIPLICACION expresion
    (62) expresion -> expresion . DIVISION expresion
    (63) expresion -> expresion . APROXIMACION expresion
    (64) expresion -> expresion . FUSION expresion
    (65) expresion -> expresion . COLISION expresion
    (66) expresion -> expresion . INTERCAMBIO expresion
    (67) expresion -> expresion . POTENCIACION expresion
    (68) expresion -> expresion . ATENUACION expresion
    (69) expresion -> expresion . RESULTADO expresion
    (70) expresion -> expresion . FLUJO_ORIENTADO expresion
    (77) expresion -> expresion . OR_LOGICO expresion
    (78) expresion -> expresion . AND_LOGICO expresion

    RESULTADO       reduce using rule 72 (expresion -> FLUJO_CICLICO expresion .)
    FLUJO_ORIENTADO reduce using rule 72 (expresion -> FLUJO_CICLICO expresion .)
    $end            reduce using rule 72 (expresion -> FLUJO_CICLICO expresion .)
    PARENTESIS_FUERTE_CIERRA reduce using rule 72 (expresion -> FLUJO_CICLICO expresion .)
    PARENTESIS_FLUIDO_CIERRA reduce using rule 72 (expresion -> FLUJO_CICLICO expresion .)
    SUMA            shift and go to state 78
    RESTA           shift and go to state 79
    MULTIPLICACION  shift and go to state 80
    DIVISION        shift and go to state 81
    APROXIMACION    shift and go to state 82
    FUSION          shift and go to state 83
    COLISION        shift and go to state 84
    INTERCAMBIO     shift and go to state 85
    POTENCIACION    shift and go to state 86
    ATENUACION      shift and go to state 87
    OR_LOGICO       shift and go to state 90
    AND_LOGICO      shift and go to state 91

  ! SUMA            [ reduce using rule 72 (expresion -> FLUJO_CICLICO expresion .) ]
  ! RESTA           [ reduce using rule 72 (expresion -> FLUJO_CICLICO expresion .) ]
  ! MULTIPLICACION  [ reduce using rule 72 (expresion -> FLUJO_CICLICO expresion .) ]
  ! DIVISION        [ reduce using rule 72 (expresion -> FLUJO_CICLICO expresion .) ]
  ! APROXIMACION    [ reduce using rule 72 (expresion -> FLUJO_CICLICO expresion .) ]
  ! FUSION          [ reduce using rule 72 (expresion -> FLUJO_CICLICO expresion .) ]
  ! COLISION        [ reduce using rule 72 (expresion -> FLUJO_CICLICO expresion .) ]
  ! INTERCAMBIO     [ reduce using rule 72 (expresion -> FLUJO_CICLICO expresion .) ]
  ! POTENCIACION    [ reduce using rule 72 (expresion -> FLUJO_CICLICO expresion .) ]
  ! ATENUACION      [ reduce using rule 72 (expresion -> FLUJO_CICLICO expresion .) ]
  ! OR_LOGICO       [ reduce using rule 72 (expresion -> FLUJO_CICLICO expresion .) ]
  ! AND_LOGICO      [ reduce using rule 72 (expresion -> FLUJO_CICLICO expresion .) ]
  ! RESULTADO       [ shift and go to state 88 ]
  ! FLUJO_ORIENTADO [ shift and go to state 89 ]


state 94

    (73) expresion -> TEMPORALIDAD expresion .
    (59) expresion -> expresion . SUMA expresion
    (60) expresion -> expresion . RESTA expresion
    (61) expresion -> expresion . MULTIPLICACION expresion
    (62) expresion -> expresion . DIVISION expresion
    (63) expresion -> expresion . APROXIMACION expresion
    (64) expresion -> expresion . FUSION expresion
    (65) expresion -> expresion . COLISION expresion
    (66) expresion -> expresion . INTERCAMBIO expresion
    (67) expresion -> expresion . POTENCIACION expresion
    (68) expresion -> expresion . ATENUACION expresion
    (69) expresion -> expresion . RESULTADO expresion
    (70) expresion -> expresion . FLUJO_ORIENTADO expresion
    (77) expresion -> expresion . OR_LOGICO expresion
    (78) expresion -> expresion . AND_LOGICO expresion

  ! shift/reduce conflict for SUMA resolved as shift
  ! shift/reduce conflict for RESTA resolved as shift
  ! shift/reduce conflict for MULTIPLICACION resolved as shift
  ! shift/reduce conflict for DIVISION resolved as shift
  ! shift/reduce conflict for APROXIMACION resolved as shift
  ! shift/reduce conflict for FUSION resolved as shift
  ! shift/reduce conflict for COLISION resolved as shift
  ! shift/reduce conflict for INTERCAMBIO resolved as shift
  ! shift/reduce conflict for POTENCIACION resolved as shift
  ! shift/reduce conflict for ATENUACION resolved as shift
  ! shift/reduce conflict for RESULTADO resolved as shift
  ! shift/reduce conflict for FLUJO_ORIENTADO resolved as shift
  ! shift/reduce conflict for OR_LOGICO resolved as shift
  ! shift/reduce conflict for AND_LOGICO resolved as shift
    $end            reduce using rule 73 (expresion -> TEMPORALIDAD expresion .)
    PARENTESIS_FUERTE_CIERRA reduce using rule 73 (expresion -> TEMPORALIDAD expresion .)
    PARENTESIS_FLUIDO_CIERRA reduce using rule 73 (expresion -> TEMPORALIDAD expresion .)
    SUMA            shift and go to state 78
    RESTA           shift and go to state 79
    MULTIPLICACION  shift and go to state 80
    DIVISION        shift and go to state 81
    APROXIMACION    shift and go to state 82
    FUSION          shift and go to state 83
    COLISION        shift and go to state 84
    INTERCAMBIO     shift and go to state 85
    POTENCIACION    shift and go to state 86
    ATENUACION      shift and go to state 87
    RESULTADO       shift and go to state 88
    FLUJO_ORIENTADO shift and go to state 89
    OR_LOGICO       shift and go to state 90
    AND_LOGICO      shift and go to state 91

  ! SUMA            [ reduce using rule 73 (expresion -> TEMPORALIDAD expresion .) ]
  ! RESTA           [ reduce using rule 73 (expresion -> TEMPORALIDAD expresion .) ]
  ! MULTIPLICACION  [ reduce using rule 73 (expresion -> TEMPORALIDAD expresion .) ]
  ! DIVISION        [ reduce using rule 73 (expresion -> TEMPORALIDAD expresion .) ]
  ! APROXIMACION    [ reduce using rule 73 (expresion -> TEMPORALIDAD expresion .) ]
  ! FUSION          [ reduce using rule 73 (expresion -> TEMPORALIDAD expresion .) ]
  ! COLISION        [ reduce using rule 73 (expresion -> TEMPORALIDAD expresion .) ]
  ! INTERCAMBIO     [ reduce using rule 73 (expresion -> TEMPORALIDAD expresion .) ]
  ! POTENCIACION    [ reduce using rule 73 (expresion -> TEMPORALIDAD expresion .) ]
  ! ATENUACION      [ reduce using rule 73 (expresion -> TEMPORALIDAD expresion .) ]
  ! RESULTADO       [ reduce using rule 73 (expresion -> TEMPORALIDAD expresion .) ]
  ! FLUJO_ORIENTADO [ reduce using rule 73 (expresion -> TEMPORALIDAD expresion .) ]
  ! OR_LOGICO       [ reduce using rule 73 (expresion -> TEMPORALIDAD expresion .) ]
  ! AND_LOGICO      [ reduce using rule 73 (expresion -> TEMPORALIDAD expresion .) ]


state 95

    (74) expresion -> PERSISTENCIA expresion .
    (59) expresion -> expresion . SUMA expresion
    (60) expresion -> expresion . RESTA expresion
    (61) expresion -> expresion . MULTIPLICACION expresion
    (62) expresion -> expresion . DIVISION expresion
    (63) expresion -> expresion . APROXIMACION expresion
    (64) expresion -> expresion . FUSION expresion
    (65) expresion -> expresion . COLISION expresion
    (66) expresion -> expresion . INTERCAMBIO expresion
    (67) expresion -> expresion . POTENCIACION expresion
    (68) expresion -> expresion . ATENUACION expresion
    (69) expresion -> expresion . RESULTADO expresion
    (70) expresion -> expresion . FLUJO_ORIENTADO expresion
    (77) expresion -> expresion . OR_LOGICO expresion
    (78) expresion -> expresion . AND_LOGICO expresion

  ! shift/reduce conflict for SUMA resolved as shift
  ! shift/reduce conflict for RESTA resolved as shift
  ! shift/reduce conflict for MULTIPLICACION resolved as shift
  ! shift/reduce conflict for DIVISION resolved as shift
  ! shift/reduce conflict for APROXIMACION resolved as shift
  ! shift/reduce conflict for FUSION resolved as shift
  ! shift/reduce conflict for COLISION resolved as shift
  ! shift/reduce conflict for INTERCAMBIO resolved as shift
  ! shift/reduce conflict for POTENCIACION resolved as shift
  ! shift/reduce conflict for ATENUACION resolved as shift
  ! shift/reduce conflict for RESULTADO resolved as shift
  ! shift/reduce conflict for FLUJO_ORIENTADO resolved as shift
  ! shift/reduce conflict for OR_LOGICO resolved as shift
  ! shift/reduce conflict for AND_LOGICO resolved as shift
    $end            reduce using rule 74 (expresion -> PERSISTENCIA expresion .)
    PARENTESIS_FUERTE_CIERRA reduce using rule 74 (expresion -> PERSISTENCIA expresion .)
    PARENTESIS_FLUIDO_CIERRA reduce using rule 74 (expresion -> PERSISTENCIA expresion .)
    SUMA            shift and go to state 78
    RESTA           shift and go to state 79
    MULTIPLICACION  shift and go to state 80
    DIVISION        shift and go to state 81
    APROXIMACION    shift and go to state 82
    FUSION          shift and go to state 83
    COLISION        shift and go to state 84
    INTERCAMBIO     shift and go to state 85
    POTENCIACION    shift and go to state 86
    ATENUACION      shift and go to state 87
    RESULTADO       shift and go to state 88
    FLUJO_ORIENTADO shift and go to state 89
    OR_LOGICO       shift and go to state 90
    AND_LOGICO      shift and go to state 91

  ! SUMA            [ reduce using rule 74 (expresion -> PERSISTENCIA expresion .) ]
  ! RESTA           [ reduce using rule 74 (expresion -> PERSISTENCIA expresion .) ]
  ! MULTIPLICACION  [ reduce using rule 74 (expresion -> PERSISTENCIA expresion .) ]
  ! DIVISION        [ reduce using rule 74 (expresion -> PERSISTENCIA expresion .) ]
  ! APROXIMACION    [ reduce using rule 74 (expresion -> PERSISTENCIA expresion .) ]
  ! FUSION          [ reduce using rule 74 (expresion -> PERSISTENCIA expresion .) ]
  ! COLISION        [ reduce using rule 74 (expresion -> PERSISTENCIA expresion .) ]
  ! INTERCAMBIO     [ reduce using rule 74 (expresion -> PERSISTENCIA expresion .) ]
  ! POTENCIACION    [ reduce using rule 74 (expresion -> PERSISTENCIA expresion .) ]
  ! ATENUACION      [ reduce using rule 74 (expresion -> PERSISTENCIA expresion .) ]
  ! RESULTADO       [ reduce using rule 74 (expresion -> PERSISTENCIA expresion .) ]
  ! FLUJO_ORIENTADO [ reduce using rule 74 (expresion -> PERSISTENCIA expresion .) ]
  ! OR_LOGICO       [ reduce using rule 74 (expresion -> PERSISTENCIA expresion .) ]
  ! AND_LOGICO      [ reduce using rule 74 (expresion -> PERSISTENCIA expresion .) ]


state 96

    (75) expresion -> INSTANTANEO expresion .
    (59) expresion -> expresion . SUMA expresion
    (60) expresion -> expresion . RESTA expresion
    (61) expresion -> expresion . MULTIPLICACION expresion
    (62) expresion -> expresion . DIVISION expresion
    (63) expresion -> expresion . APROXIMACION expresion
    (64) expresion -> expresion . FUSION expresion
    (65) expresion -> expresion . COLISION expresion
    (66) expresion -> expresion . INTERCAMBIO expresion
    (67) expresion -> expresion . POTENCIACION expresion
    (68) expresion -> expresion . ATENUACION expresion
    (69) expresion -> expresion . RESULTADO expresion
    (70) expresion -> expresion . FLUJO_ORIENTADO expresion
    (77) expresion -> expresion . OR_LOGICO expresion
    (78) expresion -> expresion . AND_LOGICO expresion

  ! shift/reduce conflict for SUMA resolved as shift
  ! shift/reduce conflict for RESTA resolved as shift
  ! shift/reduce conflict for MULTIPLICACION resolved as shift
  ! shift/reduce conflict for DIVISION resolved as shift
  ! shift/reduce conflict for APROXIMACION resolved as shift
  ! shift/reduce conflict for FUSION resolved as shift
  ! shift/reduce conflict for COLISION resolved as shift
  ! shift/reduce conflict for INTERCAMBIO resolved as shift
  ! shift/reduce conflict for POTENCIACION resolved as shift
  ! shift/reduce conflict for ATENUACION resolved as shift
  ! shift/reduce conflict for RESULTADO resolved as shift
  ! shift/reduce conflict for FLUJO_ORIENTADO resolved as shift
  ! shift/reduce conflict for OR_LOGICO resolved as shift
  ! shift/reduce conflict for AND_LOGICO resolved as shift
    $end            reduce using rule 75 (expresion -> INSTANTANEO expresion .)
    PARENTESIS_FUERTE_CIERRA reduce using rule 75 (expresion -> INSTANTANEO expresion .)
    PARENTESIS_FLUIDO_CIERRA reduce using rule 75 (expresion -> INSTANTANEO expresion .)
    SUMA            shift and go to state 78
    RESTA           shift and go to state 79
    MULTIPLICACION  shift and go to state 80
    DIVISION        shift and go to state 81
    APROXIMACION    shift and go to state 82
    FUSION          shift and go to state 83
    COLISION        shift and go to state 84
    INTERCAMBIO     shift and go to state 85
    POTENCIACION    shift and go to state 86
    ATENUACION      shift and go to state 87
    RESULTADO       shift and go to state 88
    FLUJO_ORIENTADO shift and go to state 89
    OR_LOGICO       shift and go to state 90
    AND_LOGICO      shift and go to state 91

  ! SUMA            [ reduce using rule 75 (expresion -> INSTANTANEO expresion .) ]
  ! RESTA           [ reduce using rule 75 (expresion -> INSTANTANEO expresion .) ]
  ! MULTIPLICACION  [ reduce using rule 75 (expresion -> INSTANTANEO expresion .) ]
  ! DIVISION        [ reduce using rule 75 (expresion -> INSTANTANEO expresion .) ]
  ! APROXIMACION    [ reduce using rule 75 (expresion -> INSTANTANEO expresion .) ]
  ! FUSION          [ reduce using rule 75 (expresion -> INSTANTANEO expresion .) ]
  ! COLISION        [ reduce using rule 75 (expresion -> INSTANTANEO expresion .) ]
  ! INTERCAMBIO     [ reduce using rule 75 (expresion -> INSTANTANEO expresion .) ]
  ! POTENCIACION    [ reduce using rule 75 (expresion -> INSTANTANEO expresion .) ]
  ! ATENUACION      [ reduce using rule 75 (expresion -> INSTANTANEO expresion .) ]
  ! RESULTADO       [ reduce using rule 75 (expresion -> INSTANTANEO expresion .) ]
  ! FLUJO_ORIENTADO [ reduce using rule 75 (expresion -> INSTANTANEO expresion .) ]
  ! OR_LOGICO       [ reduce using rule 75 (expresion -> INSTANTANEO expresion .) ]
  ! AND_LOGICO      [ reduce using rule 75 (expresion -> INSTANTANEO expresion .) ]


state 97

    (76) expresion -> CADENCIA expresion .
    (59) expresion -> expresion . SUMA expresion
    (60) expresion -> expresion . RESTA expresion
    (61) expresion -> expresion . MULTIPLICACION expresion
    (62) expresion -> expresion . DIVISION expresion
    (63) expresion -> expresion . APROXIMACION expresion
    (64) expresion -> expresion . FUSION expresion
    (65) expresion -> expresion . COLISION expresion
    (66) expresion -> expresion . INTERCAMBIO expresion
    (67) expresion -> expresion . POTENCIACION expresion
    (68) expresion -> expresion . ATENUACION expresion
    (69) expresion -> expresion . RESULTADO expresion
    (70) expresion -> expresion . FLUJO_ORIENTADO expresion
    (77) expresion -> expresion . OR_LOGICO expresion
    (78) expresion -> expresion . AND_LOGICO expresion

  ! shift/reduce conflict for SUMA resolved as shift
  ! shift/reduce conflict for RESTA resolved as shift
  ! shift/reduce conflict for MULTIPLICACION resolved as shift
  ! shift/reduce conflict for DIVISION resolved as shift
  ! shift/reduce conflict for APROXIMACION resolved as shift
  ! shift/reduce conflict for FUSION resolved as shift
  ! shift/reduce conflict for COLISION resolved as shift
  ! shift/reduce conflict for INTERCAMBIO resolved as shift
  ! shift/reduce conflict for POTENCIACION resolved as shift
  ! shift/reduce conflict for ATENUACION resolved as shift
  ! shift/reduce conflict for RESULTADO resolved as shift
  ! shift/reduce conflict for FLUJO_ORIENTADO resolved as shift
  ! shift/reduce conflict for OR_LOGICO resolved as shift
  ! shift/reduce conflict for AND_LOGICO resolved as shift
    $end            reduce using rule 76 (expresion -> CADENCIA expresion .)
    PARENTESIS_FUERTE_CIERRA reduce using rule 76 (expresion -> CADENCIA expresion .)
    PARENTESIS_FLUIDO_CIERRA reduce using rule 76 (expresion -> CADENCIA expresion .)
    SUMA            shift and go to state 78
    RESTA           shift and go to state 79
    MULTIPLICACION  shift and go to state 80
    DIVISION        shift and go to state 81
    APROXIMACION    shift and go to state 82
    FUSION          shift and go to state 83
    COLISION        shift and go to state 84
    INTERCAMBIO     shift and go to state 85
    POTENCIACION    shift and go to state 86
    ATENUACION      shift and go to state 87
    RESULTADO       shift and go to state 88
    FLUJO_ORIENTADO shift and go to state 89
    OR_LOGICO       shift and go to state 90
    AND_LOGICO      shift and go to state 91

  ! SUMA            [ reduce using rule 76 (expresion -> CADENCIA expresion .) ]
  ! RESTA           [ reduce using rule 76 (expresion -> CADENCIA expresion .) ]
  ! MULTIPLICACION  [ reduce using rule 76 (expresion -> CADENCIA expresion .) ]
  ! DIVISION        [ reduce using rule 76 (expresion -> CADENCIA expresion .) ]
  ! APROXIMACION    [ reduce using rule 76 (expresion -> CADENCIA expresion .) ]
  ! FUSION          [ reduce using rule 76 (expresion -> CADENCIA expresion .) ]
  ! COLISION        [ reduce using rule 76 (expresion -> CADENCIA expresion .) ]
  ! INTERCAMBIO     [ reduce using rule 76 (expresion -> CADENCIA expresion .) ]
  ! POTENCIACION    [ reduce using rule 76 (expresion -> CADENCIA expresion .) ]
  ! ATENUACION      [ reduce using rule 76 (expresion -> CADENCIA expresion .) ]
  ! RESULTADO       [ reduce using rule 76 (expresion -> CADENCIA expresion .) ]
  ! FLUJO_ORIENTADO [ reduce using rule 76 (expresion -> CADENCIA expresion .) ]
  ! OR_LOGICO       [ reduce using rule 76 (expresion -> CADENCIA expresion .) ]
  ! AND_LOGICO      [ reduce using rule 76 (expresion -> CADENCIA expresion .) ]


state 98

    (79) expresion -> NOT_LOGICO expresion .
    (59) expresion -> expresion . SUMA expresion
    (60) expresion -> expresion . RESTA expresion
    (61) expresion -> expresion . MULTIPLICACION expresion
    (62) expresion -> expresion . DIVISION expresion
    (63) expresion -> expresion . APROXIMACION expresion
    (64) expresion -> expresion . FUSION expresion
    (65) expresion -> expresion . COLISION expresion
    (66) expresion -> expresion . INTERCAMBIO expresion
    (67) expresion -> expresion . POTENCIACION expresion
    (68) expresion -> expresion . ATENUACION expresion
    (69) expresion -> expresion . RESULTADO expresion
    (70) expresion -> expresion . FLUJO_ORIENTADO expresion
    (77) expresion -> expresion . OR_LOGICO expresion
    (78) expresion -> expresion . AND_LOGICO expresion

    RESULTADO       reduce using rule 79 (expresion -> NOT_LOGICO expresion .)
    FLUJO_ORIENTADO reduce using rule 79 (expresion -> NOT_LOGICO expresion .)
    OR_LOGICO       reduce using rule 79 (expresion -> NOT_LOGICO expresion .)
    AND_LOGICO      reduce using rule 79 (expresion -> NOT_LOGICO expresion .)
    $end            reduce using rule 79 (expresion -> NOT_LOGICO expresion .)
    PARENTESIS_FUERTE_CIERRA reduce using rule 79 (expresion -> NOT_LOGICO expresion .)
    PARENTESIS_FLUIDO_CIERRA reduce using rule 79 (expresion -> NOT_LOGICO expresion .)
    SUMA            shift and go to state 78
    RESTA           shift and go to state 79
    MULTIPLICACION  shift and go to state 80
    DIVISION        shift and go to state 81
    APROXIMACION    shift and go to state 82
    FUSION          shift and go to state 83
    COLISION        shift and go to state 84
    INTERCAMBIO     shift and go to state 85
    POTENCIACION    shift and go to state 86
    ATENUACION      shift and go to state 87

  ! SUMA            [ reduce using rule 79 (expresion -> NOT_LOGICO expresion .) ]
  ! RESTA           [ reduce using rule 79 (expresion -> NOT_LOGICO expresion .) ]
  ! MULTIPLICACION  [ reduce using rule 79 (expresion -> NOT_LOGICO expresion .) ]
  ! DIVISION        [ reduce using rule 79 (expresion -> NOT_LOGICO expresion .) ]
  ! APROXIMACION    [ reduce using rule 79 (expresion -> NOT_LOGICO expresion .) ]
  ! FUSION          [ reduce using rule 79 (expresion -> NOT_LOGICO expresion .) ]
  ! COLISION        [ reduce using rule 79 (expresion -> NOT_LOGICO expresion .) ]
  ! INTERCAMBIO     [ reduce using rule 79 (expresion -> NOT_LOGICO expresion .) ]
  ! POTENCIACION    [ reduce using rule 79 (expresion -> NOT_LOGICO expresion .) ]
  ! ATENUACION      [ reduce using rule 79 (expresion -> NOT_LOGICO expresion .) ]
  ! RESULTADO       [ shift and go to state 88 ]
  ! FLUJO_ORIENTADO [ shift and go to state 89 ]
  ! OR_LOGICO       [ shift and go to state 90 ]
  ! AND_LOGICO      [ shift and go to state 91 ]


state 99

    (80) expresion -> PROBABILIDAD expresion .
    (59) expresion -> expresion . SUMA expresion
    (60) expresion -> expresion . RESTA expresion
    (61) expresion -> expresion . MULTIPLICACION expresion
    (62) expresion -> expresion . DIVISION expresion
    (63) expresion -> expresion . APROXIMACION expresion
    (64) expresion -> expresion . FUSION expresion
    (65) expresion -> expresion . COLISION expresion
    (66) expresion -> expresion . INTERCAMBIO expresion
    (67) expresion -> expresion . POTENCIACION expresion
    (68) expresion -> expresion . ATENUACION expresion
    (69) expresion -> expresion . RESULTADO expresion
    (70) expresion -> expresion . FLUJO_ORIENTADO expresion
    (77) expresion -> expresion . OR_LOGICO expresion
    (78) expresion -> expresion . AND_LOGICO expresion

    SUMA            reduce using rule 80 (expresion -> PROBABILIDAD expresion .)
    RESTA           reduce using rule 80 (expresion -> PROBABILIDAD expresion .)
    MULTIPLICACION  reduce using rule 80 (expresion -> PROBABILIDAD expresion .)
    DIVISION        reduce using rule 80 (expresion -> PROBABILIDAD expresion .)
    APROXIMACION    reduce using rule 80 (expresion -> PROBABILIDAD expresion .)
    FUSION          reduce using rule 80 (expresion -> PROBABILIDAD expresion .)
    COLISION        reduce using rule 80 (expresion -> PROBABILIDAD expresion .)
    INTERCAMBIO     reduce using rule 80 (expresion -> PROBABILIDAD expresion .)
    POTENCIACION    reduce using rule 80 (expresion -> PROBABILIDAD expresion .)
    ATENUACION      reduce using rule 80 (expresion -> PROBABILIDAD expresion .)
    RESULTADO       reduce using rule 80 (expresion -> PROBABILIDAD expresion .)
    FLUJO_ORIENTADO reduce using rule 80 (expresion -> PROBABILIDAD expresion .)
    OR_LOGICO       reduce using rule 80 (expresion -> PROBABILIDAD expresion .)
    AND_LOGICO      reduce using rule 80 (expresion -> PROBABILIDAD expresion .)
    $end            reduce using rule 80 (expresion -> PROBABILIDAD expresion .)
    PARENTESIS_FUERTE_CIERRA reduce using rule 80 (expresion -> PROBABILIDAD expresion .)
    PARENTESIS_FLUIDO_CIERRA reduce using rule 80 (expresion -> PROBABILIDAD expresion .)

  ! SUMA            [ shift and go to state 78 ]
  ! RESTA           [ shift and go to state 79 ]
  ! MULTIPLICACION  [ shift and go to state 80 ]
  ! DIVISION        [ shift and go to state 81 ]
  ! APROXIMACION    [ shift and go to state 82 ]
  ! FUSION          [ shift and go to state 83 ]
  ! COLISION        [ shift and go to state 84 ]
  ! INTERCAMBIO     [ shift and go to state 85 ]
  ! POTENCIACION    [ shift and go to state 86 ]
  ! ATENUACION      [ shift and go to state 87 ]
  ! RESULTADO       [ shift and go to state 88 ]
  ! FLUJO_ORIENTADO [ shift and go to state 89 ]
  ! OR_LOGICO       [ shift and go to state 90 ]
  ! AND_LOGICO      [ shift and go to state 91 ]


state 100

    (81) expresion -> EMERGENCIA expresion .
    (59) expresion -> expresion . SUMA expresion
    (60) expresion -> expresion . RESTA expresion
    (61) expresion -> expresion . MULTIPLICACION expresion
    (62) expresion -> expresion . DIVISION expresion
    (63) expresion -> expresion . APROXIMACION expresion
    (64) expresion -> expresion . FUSION expresion
    (65) expresion -> expresion . COLISION expresion
    (66) expresion -> expresion . INTERCAMBIO expresion
    (67) expresion -> expresion . POTENCIACION expresion
    (68) expresion -> expresion . ATENUACION expresion
    (69) expresion -> expresion . RESULTADO expresion
    (70) expresion -> expresion . FLUJO_ORIENTADO expresion
    (77) expresion -> expresion . OR_LOGICO expresion
    (78) expresion -> expresion . AND_LOGICO expresion

    SUMA            reduce using rule 81 (expresion -> EMERGENCIA expresion .)
    RESTA           reduce using rule 81 (expresion -> EMERGENCIA expresion .)
    MULTIPLICACION  reduce using rule 81 (expresion -> EMERGENCIA expresion .)
    DIVISION        reduce using rule 81 (expresion -> EMERGENCIA expresion .)
    APROXIMACION    reduce using rule 81 (expresion -> EMERGENCIA expresion .)
    FUSION          reduce using rule 81 (expresion -> EMERGENCIA expresion .)
    COLISION        reduce using rule 81 (expresion -> EMERGENCIA expresion .)
    INTERCAMBIO     reduce using rule 81 (expresion -> EMERGENCIA expresion .)
    POTENCIACION    reduce using rule 81 (expresion -> EMERGENCIA expresion .)
    ATENUACION      reduce using rule 81 (expresion -> EMERGENCIA expresion .)
    RESULTADO       reduce using rule 81 (expresion -> EMERGENCIA expresion .)
    FLUJO_ORIENTADO reduce using rule 81 (expresion -> EMERGENCIA expresion .)
    OR_LOGICO       reduce using rule 81 (expresion -> EMERGENCIA expresion .)
    AND_LOGICO      reduce using rule 81 (expresion -> EMERGENCIA expresion .)
    $end            reduce using rule 81 (expresion -> EMERGENCIA expresion .)
    PARENTESIS_FUERTE_CIERRA reduce using rule 81 (expresion -> EMERGENCIA expresion .)
    PARENTESIS_FLUIDO_CIERRA reduce using rule 81 (expresion -> EMERGENCIA expresion .)

  ! SUMA            [ shift and go to state 78 ]
  ! RESTA           [ shift and go to state 79 ]
  ! MULTIPLICACION  [ shift and go to state 80 ]
  ! DIVISION        [ shift and go to state 81 ]
  ! APROXIMACION    [ shift and go to state 82 ]
  ! FUSION          [ shift and go to state 83 ]
  ! COLISION        [ shift and go to state 84 ]
  ! INTERCAMBIO     [ shift and go to state 85 ]
  ! POTENCIACION    [ shift and go to state 86 ]
  ! ATENUACION      [ shift and go to state 87 ]
  ! RESULTADO       [ shift and go to state 88 ]
  ! FLUJO_ORIENTADO [ shift and go to state 89 ]
  ! OR_LOGICO       [ shift and go to state 90 ]
  ! AND_LOGICO      [ shift and go to state 91 ]


state 101

    (82) expresion -> SUPERINDICE expresion .
    (59) expresion -> expresion . SUMA expresion
    (60) expresion -> expresion . RESTA expresion
    (61) expresion -> expresion . MULTIPLICACION expresion
    (62) expresion -> expresion . DIVISION expresion
    (63) expresion -> expresion . APROXIMACION expresion
    (64) expresion -> expresion . FUSION expresion
    (65) expresion -> expresion . COLISION expresion
    (66) expresion -> expresion . INTERCAMBIO expresion
    (67) expresion -> expresion . POTENCIACION expresion
    (68) expresion -> expresion . ATENUACION expresion
    (69) expresion -> expresion . RESULTADO expresion
    (70) expresion -> expresion . FLUJO_ORIENTADO expresion
    (77) expresion -> expresion . OR_LOGICO expresion
    (78) expresion -> expresion . AND_LOGICO expresion

    SUMA            reduce using rule 82 (expresion -> SUPERINDICE expresion .)
    RESTA           reduce using rule 82 (expresion -> SUPERINDICE expresion .)
    MULTIPLICACION  reduce using rule 82 (expresion -> SUPERINDICE expresion .)
    DIVISION        reduce using rule 82 (expresion -> SUPERINDICE expresion .)
    APROXIMACION    reduce using rule 82 (expresion -> SUPERINDICE expresion .)
    FUSION          reduce using rule 82 (expresion -> SUPERINDICE expresion .)
    COLISION        reduce using rule 82 (expresion -> SUPERINDICE expresion .)
    INTERCAMBIO     reduce using rule 82 (expresion -> SUPERINDICE expresion .)
    POTENCIACION    reduce using rule 82 (expresion -> SUPERINDICE expresion .)
    ATENUACION      reduce using rule 82 (expresion -> SUPERINDICE expresion .)
    RESULTADO       reduce using rule 82 (expresion -> SUPERINDICE expresion .)
    FLUJO_ORIENTADO reduce using rule 82 (expresion -> SUPERINDICE expresion .)
    OR_LOGICO       reduce using rule 82 (expresion -> SUPERINDICE expresion .)
    AND_LOGICO      reduce using rule 82 (expresion -> SUPERINDICE expresion .)
    $end            reduce using rule 82 (expresion -> SUPERINDICE expresion .)
    PARENTESIS_FUERTE_CIERRA reduce using rule 82 (expresion -> SUPERINDICE expresion .)
    PARENTESIS_FLUIDO_CIERRA reduce using rule 82 (expresion -> SUPERINDICE expresion .)

  ! SUMA            [ shift and go to state 78 ]
  ! RESTA           [ shift and go to state 79 ]
  ! MULTIPLICACION  [ shift and go to state 80 ]
  ! DIVISION        [ shift and go to state 81 ]
  ! APROXIMACION    [ shift and go to state 82 ]
  ! FUSION          [ shift and go to state 83 ]
  ! COLISION        [ shift and go to state 84 ]
  ! INTERCAMBIO     [ shift and go to state 85 ]
  ! POTENCIACION    [ shift and go to state 86 ]
  ! ATENUACION      [ shift and go to state 87 ]
  ! RESULTADO       [ shift and go to state 88 ]
  ! FLUJO_ORIENTADO [ shift and go to state 89 ]
  ! OR_LOGICO       [ shift and go to state 90 ]
  ! AND_LOGICO      [ shift and go to state 91 ]


state 102

    (83) expresion -> SUBINDICE expresion .
    (59) expresion -> expresion . SUMA expresion
    (60) expresion -> expresion . RESTA expresion
    (61) expresion -> expresion . MULTIPLICACION expresion
    (62) expresion -> expresion . DIVISION expresion
    (63) expresion -> expresion . APROXIMACION expresion
    (64) expresion -> expresion . FUSION expresion
    (65) expresion -> expresion . COLISION expresion
    (66) expresion -> expresion . INTERCAMBIO expresion
    (67) expresion -> expresion . POTENCIACION expresion
    (68) expresion -> expresion . ATENUACION expresion
    (69) expresion -> expresion . RESULTADO expresion
    (70) expresion -> expresion . FLUJO_ORIENTADO expresion
    (77) expresion -> expresion . OR_LOGICO expresion
    (78) expresion -> expresion . AND_LOGICO expresion

    SUMA            reduce using rule 83 (expresion -> SUBINDICE expresion .)
    RESTA           reduce using rule 83 (expresion -> SUBINDICE expresion .)
    MULTIPLICACION  reduce using rule 83 (expresion -> SUBINDICE expresion .)
    DIVISION        reduce using rule 83 (expresion -> SUBINDICE expresion .)
    APROXIMACION    reduce using rule 83 (expresion -> SUBINDICE expresion .)
    FUSION          reduce using rule 83 (expresion -> SUBINDICE expresion .)
    COLISION        reduce using rule 83 (expresion -> SUBINDICE expresion .)
    INTERCAMBIO     reduce using rule 83 (expresion -> SUBINDICE expresion .)
    POTENCIACION    reduce using rule 83 (expresion -> SUBINDICE expresion .)
    ATENUACION      reduce using rule 83 (expresion -> SUBINDICE expresion .)
    RESULTADO       reduce using rule 83 (expresion -> SUBINDICE expresion .)
    FLUJO_ORIENTADO reduce using rule 83 (expresion -> SUBINDICE expresion .)
    OR_LOGICO       reduce using rule 83 (expresion -> SUBINDICE expresion .)
    AND_LOGICO      reduce using rule 83 (expresion -> SUBINDICE expresion .)
    $end            reduce using rule 83 (expresion -> SUBINDICE expresion .)
    PARENTESIS_FUERTE_CIERRA reduce using rule 83 (expresion -> SUBINDICE expresion .)
    PARENTESIS_FLUIDO_CIERRA reduce using rule 83 (expresion -> SUBINDICE expresion .)

  ! SUMA            [ shift and go to state 78 ]
  ! RESTA           [ shift and go to state 79 ]
  ! MULTIPLICACION  [ shift and go to state 80 ]
  ! DIVISION        [ shift and go to state 81 ]
  ! APROXIMACION    [ shift and go to state 82 ]
  ! FUSION          [ shift and go to state 83 ]
  ! COLISION        [ shift and go to state 84 ]
  ! INTERCAMBIO     [ shift and go to state 85 ]
  ! POTENCIACION    [ shift and go to state 86 ]
  ! ATENUACION      [ shift and go to state 87 ]
  ! RESULTADO       [ shift and go to state 88 ]
  ! FLUJO_ORIENTADO [ shift and go to state 89 ]
  ! OR_LOGICO       [ shift and go to state 90 ]
  ! AND_LOGICO      [ shift and go to state 91 ]


state 103

    (84) expresion -> PARENTESIS_FUERTE_ABRE expresion . PARENTESIS_FUERTE_CIERRA
    (59) expresion -> expresion . SUMA expresion
    (60) expresion -> expresion . RESTA expresion
    (61) expresion -> expresion . MULTIPLICACION expresion
    (62) expresion -> expresion . DIVISION expresion
    (63) expresion -> expresion . APROXIMACION expresion
    (64) expresion -> expresion . FUSION expresion
    (65) expresion -> expresion . COLISION expresion
    (66) expresion -> expresion . INTERCAMBIO expresion
    (67) expresion -> expresion . POTENCIACION expresion
    (68) expresion -> expresion . ATENUACION expresion
    (69) expresion -> expresion . RESULTADO expresion
    (70) expresion -> expresion . FLUJO_ORIENTADO expresion
    (77) expresion -> expresion . OR_LOGICO expresion
    (78) expresion -> expresion . AND_LOGICO expresion

    PARENTESIS_FUERTE_CIERRA shift and go to state 119
    SUMA            shift and go to state 78
    RESTA           shift and go to state 79
    MULTIPLICACION  shift and go to state 80
    DIVISION        shift and go to state 81
    APROXIMACION    shift and go to state 82
    FUSION          shift and go to state 83
    COLISION        shift and go to state 84
    INTERCAMBIO     shift and go to state 85
    POTENCIACION    shift and go to state 86
    ATENUACION      shift and go to state 87
    RESULTADO       shift and go to state 88
    FLUJO_ORIENTADO shift and go to state 89
    OR_LOGICO       shift and go to state 90
    AND_LOGICO      shift and go to state 91


state 104

    (85) expresion -> PARENTESIS_FLUIDO_ABRE expresion . PARENTESIS_FLUIDO_CIERRA
    (59) expresion -> expresion . SUMA expresion
    (60) expresion -> expresion . RESTA expresion
    (61) expresion -> expresion . MULTIPLICACION expresion
    (62) expresion -> expresion . DIVISION expresion
    (63) expresion -> expresion . APROXIMACION expresion
    (64) expresion -> expresion . FUSION expresion
    (65) expresion -> expresion . COLISION expresion
    (66) expresion -> expresion . INTERCAMBIO expresion
    (67) expresion -> expresion . POTENCIACION expresion
    (68) expresion -> expresion . ATENUACION expresion
    (69) expresion -> expresion . RESULTADO expresion
    (70) expresion -> expresion . FLUJO_ORIENTADO expresion
    (77) expresion -> expresion . OR_LOGICO expresion
    (78) expresion -> expresion . AND_LOGICO expresion

    PARENTESIS_FLUIDO_CIERRA shift and go to state 120
    SUMA            shift and go to state 78
    RESTA           shift and go to state 79
    MULTIPLICACION  shift and go to state 80
    DIVISION        shift and go to state 81
    APROXIMACION    shift and go to state 82
    FUSION          shift and go to state 83
    COLISION        shift and go to state 84
    INTERCAMBIO     shift and go to state 85
    POTENCIACION    shift and go to state 86
    ATENUACION      shift and go to state 87
    RESULTADO       shift and go to state 88
    FLUJO_ORIENTADO shift and go to state 89
    OR_LOGICO       shift and go to state 90
    AND_LOGICO      shift and go to state 91


state 105

    (59) expresion -> expresion SUMA expresion .
    (59) expresion -> expresion . SUMA expresion
    (60) expresion -> expresion . RESTA expresion
    (61) expresion -> expresion . MULTIPLICACION expresion
    (62) expresion -> expresion . DIVISION expresion
    (63) expresion -> expresion . APROXIMACION expresion
    (64) expresion -> expresion . FUSION expresion
    (65) expresion -> expresion . COLISION expresion
    (66) expresion -> expresion . INTERCAMBIO expresion
    (67) expresion -> expresion . POTENCIACION expresion
    (68) expresion -> expresion . ATENUACION expresion
    (69) expresion -> expresion . RESULTADO expresion
    (70) expresion -> expresion . FLUJO_ORIENTADO expresion
    (77) expresion -> expresion . OR_LOGICO expresion
    (78) expresion -> expresion . AND_LOGICO expresion

    SUMA            reduce using rule 59 (expresion -> expresion SUMA expresion .)
    RESTA           reduce using rule 59 (expresion -> expresion SUMA expresion .)
    APROXIMACION    reduce using rule 59 (expresion -> expresion SUMA expresion .)
    FUSION          reduce using rule 59 (expresion -> expresion SUMA expresion .)
    COLISION        reduce using rule 59 (expresion -> expresion SUMA expresion .)
    INTERCAMBIO     reduce using rule 59 (expresion -> expresion SUMA expresion .)
    RESULTADO       reduce using rule 59 (expresion -> expresion SUMA expresion .)
    FLUJO_ORIENTADO reduce using rule 59 (expresion -> expresion SUMA expresion .)
    OR_LOGICO       reduce using rule 59 (expresion -> expresion SUMA expresion .)
    AND_LOGICO      reduce using rule 59 (expresion -> expresion SUMA expresion .)
    $end            reduce using rule 59 (expresion -> expresion SUMA expresion .)
    PARENTESIS_FUERTE_CIERRA reduce using rule 59 (expresion -> expresion SUMA expresion .)
    PARENTESIS_FLUIDO_CIERRA reduce using rule 59 (expresion -> expresion SUMA expresion .)
    MULTIPLICACION  shift and go to state 80
    DIVISION        shift and go to state 81
    POTENCIACION    shift and go to state 86
    ATENUACION      shift and go to state 87

  ! MULTIPLICACION  [ reduce using rule 59 (expresion -> expresion SUMA expresion .) ]
  ! DIVISION        [ reduce using rule 59 (expresion -> expresion SUMA expresion .) ]
  ! POTENCIACION    [ reduce using rule 59 (expresion -> expresion SUMA expresion .) ]
  ! ATENUACION      [ reduce using rule 59 (expresion -> expresion SUMA expresion .) ]
  ! SUMA            [ shift and go to state 78 ]
  ! RESTA           [ shift and go to state 79 ]
  ! APROXIMACION    [ shift and go to state 82 ]
  ! FUSION          [ shift and go to state 83 ]
  ! COLISION        [ shift and go to state 84 ]
  ! INTERCAMBIO     [ shift and go to state 85 ]
  ! RESULTADO       [ shift and go to state 88 ]
  ! FLUJO_ORIENTADO [ shift and go to state 89 ]
  ! OR_LOGICO       [ shift and go to state 90 ]
  ! AND_LOGICO      [ shift and go to state 91 ]


state 106

    (60) expresion -> expresion RESTA expresion .
    (59) expresion -> expresion . SUMA expresion
    (60) expresion -> expresion . RESTA expresion
    (61) expresion -> expresion . MULTIPLICACION expresion
    (62) expresion -> expresion . DIVISION expresion
    (63) expresion -> expresion . APROXIMACION expresion
    (64) expresion -> expresion . FUSION expresion
    (65) expresion -> expresion . COLISION expresion
    (66) expresion -> expresion . INTERCAMBIO expresion
    (67) expresion -> expresion . POTENCIACION expresion
    (68) expresion -> expresion . ATENUACION expresion
    (69) expresion -> expresion . RESULTADO expresion
    (70) expresion -> expresion . FLUJO_ORIENTADO expresion
    (77) expresion -> expresion . OR_LOGICO expresion
    (78) expresion -> expresion . AND_LOGICO expresion

    SUMA            reduce using rule 60 (expresion -> expresion RESTA expresion .)
    RESTA           reduce using rule 60 (expresion -> expresion RESTA expresion .)
    APROXIMACION    reduce using rule 60 (expresion -> expresion RESTA expresion .)
    FUSION          reduce using rule 60 (expresion -> expresion RESTA expresion .)
    COLISION        reduce using rule 60 (expresion -> expresion RESTA expresion .)
    INTERCAMBIO     reduce using rule 60 (expresion -> expresion RESTA expresion .)
    RESULTADO       reduce using rule 60 (expresion -> expresion RESTA expresion .)
    FLUJO_ORIENTADO reduce using rule 60 (expresion -> expresion RESTA expresion .)
    OR_LOGICO       reduce using rule 60 (expresion -> expresion RESTA expresion .)
    AND_LOGICO      reduce using rule 60 (expresion -> expresion RESTA expresion .)
    $end            reduce using rule 60 (expresion -> expresion RESTA expresion .)
    PARENTESIS_FUERTE_CIERRA reduce using rule 60 (expresion -> expresion RESTA expresion .)
    PARENTESIS_FLUIDO_CIERRA reduce using rule 60 (expresion -> expresion RESTA expresion .)
    MULTIPLICACION  shift and go to state 80
    DIVISION        shift and go to state 81
    POTENCIACION    shift and go to state 86
    ATENUACION      shift and go to state 87

  ! MULTIPLICACION  [ reduce using rule 60 (expresion -> expresion RESTA expresion .) ]
  ! DIVISION        [ reduce using rule 60 (expresion -> expresion RESTA expresion .) ]
  ! POTENCIACION    [ reduce using rule 60 (expresion -> expresion RESTA expresion .) ]
  ! ATENUACION      [ reduce using rule 60 (expresion -> expresion RESTA expresion .) ]
  ! SUMA            [ shift and go to state 78 ]
  ! RESTA           [ shift and go to state 79 ]
  ! APROXIMACION    [ shift and go to state 82 ]
  ! FUSION          [ shift and go to state 83 ]
  ! COLISION        [ shift and go to state 84 ]
  ! INTERCAMBIO     [ shift and go to state 85 ]
  ! RESULTADO       [ shift and go to state 88 ]
  ! FLUJO_ORIENTADO [ shift and go to state 89 ]
  ! OR_LOGICO       [ shift and go to state 90 ]
  ! AND_LOGICO      [ shift and go to state 91 ]


state 107

    (61) expresion -> expresion MULTIPLICACION expresion .
    (59) expresion -> expresion . SUMA expresion
    (60) expresion -> expresion . RESTA expresion
    (61) expresion -> expresion . MULTIPLICACION expresion
    (62) expresion -> expresion . DIVISION expresion
    (63) expresion -> expresion . APROXIMACION expresion
    (64) expresion -> expresion . FUSION expresion
    (65) expresion -> expresion . COLISION expresion
    (66) expresion -> expresion . INTERCAMBIO expresion
    (67) expresion -> expresion . POTENCIACION expresion
    (68) expresion -> expresion . ATENUACION expresion
    (69) expresion -> expresion . RESULTADO expresion
    (70) expresion -> expresion . FLUJO_ORIENTADO expresion
    (77) expresion -> expresion . OR_LOGICO expresion
    (78) expresion -> expresion . AND_LOGICO expresion

    SUMA            reduce using rule 61 (expresion -> expresion MULTIPLICACION expresion .)
    RESTA           reduce using rule 61 (expresion -> expresion MULTIPLICACION expresion .)
    MULTIPLICACION  reduce using rule 61 (expresion -> expresion MULTIPLICACION expresion .)
    DIVISION        reduce using rule 61 (expresion -> expresion MULTIPLICACION expresion .)
    APROXIMACION    reduce using rule 61 (expresion -> expresion MULTIPLICACION expresion .)
    FUSION          reduce using rule 61 (expresion -> expresion MULTIPLICACION expresion .)
    COLISION        reduce using rule 61 (expresion -> expresion MULTIPLICACION expresion .)
    INTERCAMBIO     reduce using rule 61 (expresion -> expresion MULTIPLICACION expresion .)
    RESULTADO       reduce using rule 61 (expresion -> expresion MULTIPLICACION expresion .)
    FLUJO_ORIENTADO reduce using rule 61 (expresion -> expresion MULTIPLICACION expresion .)
    OR_LOGICO       reduce using rule 61 (expresion -> expresion MULTIPLICACION expresion .)
    AND_LOGICO      reduce using rule 61 (expresion -> expresion MULTIPLICACION expresion .)
    $end            reduce using rule 61 (expresion -> expresion MULTIPLICACION expresion .)
    PARENTESIS_FUERTE_CIERRA reduce using rule 61 (expresion -> expresion MULTIPLICACION expresion .)
    PARENTESIS_FLUIDO_CIERRA reduce using rule 61 (expresion -> expresion MULTIPLICACION expresion .)
    POTENCIACION    shift and go to state 86
    ATENUACION      shift and go to state 87

  ! POTENCIACION    [ reduce using rule 61 (expresion -> expresion MULTIPLICACION expresion .) ]
  ! ATENUACION      [ reduce using rule 61 (expresion -> expresion MULTIPLICACION expresion .) ]
  ! SUMA            [ shift and go to state 78 ]
  ! RESTA           [ shift and go to state 79 ]
  ! MULTIPLICACION  [ shift and go to state 80 ]
  ! DIVISION        [ shift and go to state 81 ]
  ! APROXIMACION    [ shift and go to state 82 ]
  ! FUSION          [ shift and go to state 83 ]
  ! COLISION        [ shift and go to state 84 ]
  ! INTERCAMBIO     [ shift and go to state 85 ]
  ! RESULTADO       [ shift and go to state 88 ]
  ! FLUJO_ORIENTADO [ shift and go to state 89 ]
  ! OR_LOGICO       [ shift and go to state 90 ]
  ! AND_LOGICO      [ shift and go to state 91 ]


state 108

    (62) expresion -> expresion DIVISION expresion .
    (59) expresion -> expresion . SUMA expresion
    (60) expresion -> expresion . RESTA expresion
    (61) expresion -> expresion . MULTIPLICACION expresion
    (62) expresion -> expresion . DIVISION expresion
    (63) expresion -> expresion . APROXIMACION expresion
    (64) expresion -> expresion . FUSION expresion
    (65) expresion -> expresion . COLISION expresion
    (66) expresion -> expresion . INTERCAMBIO expresion
    (67) expresion -> expresion . POTENCIACION expresion
    (68) expresion -> expresion . ATENUACION expresion
    (69) expresion -> expresion . RESULTADO expresion
    (70) expresion -> expresion . FLUJO_ORIENTADO expresion
    (77) expresion -> expresion . OR_LOGICO expresion
    (78) expresion -> expresion . AND_LOGICO expresion

    SUMA            reduce using rule 62 (expresion -> expresion DIVISION expresion .)
    RESTA           reduce using rule 62 (expresion -> expresion DIVISION expresion .)
    MULTIPLICACION  reduce using rule 62 (expresion -> expresion DIVISION expresion .)
    DIVISION        reduce using rule 62 (expresion -> expresion DIVISION expresion .)
    APROXIMACION    reduce using rule 62 (expresion -> expresion DIVISION expresion .)
    FUSION          reduce using rule 62 (expresion -> expresion DIVISION expresion .)
    COLISION        reduce using rule 62 (expresion -> expresion DIVISION expresion .)
    INTERCAMBIO     reduce using rule 62 (expresion -> expresion DIVISION expresion .)
    RESULTADO       reduce using rule 62 (expresion -> expresion DIVISION expresion .)
    FLUJO_ORIENTADO reduce using rule 62 (expresion -> expresion DIVISION expresion .)
    OR_LOGICO       reduce using rule 62 (expresion -> expresion DIVISION expresion .)
    AND_LOGICO      reduce using rule 62 (expresion -> expresion DIVISION expresion .)
    $end            reduce using rule 62 (expresion -> expresion DIVISION expresion .)
    PARENTESIS_FUERTE_CIERRA reduce using rule 62 (expresion -> expresion DIVISION expresion .)
    PARENTESIS_FLUIDO_CIERRA reduce using rule 62 (expresion -> expresion DIVISION expresion .)
    POTENCIACION    shift and go to state 86
    ATENUACION      shift and go to state 87

  ! POTENCIACION    [ reduce using rule 62 (expresion -> expresion DIVISION expresion .) ]
  ! ATENUACION      [ reduce using rule 62 (expresion -> expresion DIVISION expresion .) ]
  ! SUMA            [ shift and go to state 78 ]
  ! RESTA           [ shift and go to state 79 ]
  ! MULTIPLICACION  [ shift and go to state 80 ]
  ! DIVISION        [ shift and go to state 81 ]
  ! APROXIMACION    [ shift and go to state 82 ]
  ! FUSION          [ shift and go to state 83 ]
  ! COLISION        [ shift and go to state 84 ]
  ! INTERCAMBIO     [ shift and go to state 85 ]
  ! RESULTADO       [ shift and go to state 88 ]
  ! FLUJO_ORIENTADO [ shift and go to state 89 ]
  ! OR_LOGICO       [ shift and go to state 90 ]
  ! AND_LOGICO      [ shift and go to state 91 ]


state 109

    (63) expresion -> expresion APROXIMACION expresion .
    (59) expresion -> expresion . SUMA expresion
    (60) expresion -> expresion . RESTA expresion
    (61) expresion -> expresion . MULTIPLICACION expresion
    (62) expresion -> expresion . DIVISION expresion
    (63) expresion -> expresion . APROXIMACION expresion
    (64) expresion -> expresion . FUSION expresion
    (65) expresion -> expresion . COLISION expresion
    (66) expresion -> expresion . INTERCAMBIO expresion
    (67) expresion -> expresion . POTENCIACION expresion
    (68) expresion -> expresion . ATENUACION expresion
    (69) expresion -> expresion . RESULTADO expresion
    (70) expresion -> expresion . FLUJO_ORIENTADO expresion
    (77) expresion -> expresion . OR_LOGICO expresion
    (78) expresion -> expresion . AND_LOGICO expresion

    APROXIMACION    reduce using rule 63 (expresion -> expresion APROXIMACION expresion .)
    RESULTADO       reduce using rule 63 (expresion -> expresion APROXIMACION expresion .)
    FLUJO_ORIENTADO reduce using rule 63 (expresion -> expresion APROXIMACION expresion .)
    OR_LOGICO       reduce using rule 63 (expresion -> expresion APROXIMACION expresion .)
    AND_LOGICO      reduce using rule 63 (expresion -> expresion APROXIMACION expresion .)
    $end            reduce using rule 63 (expresion -> expresion APROXIMACION expresion .)
    PARENTESIS_FUERTE_CIERRA reduce using rule 63 (expresion -> expresion APROXIMACION expresion .)
    PARENTESIS_FLUIDO_CIERRA reduce using rule 63 (expresion -> expresion APROXIMACION expresion .)
    SUMA            shift and go to state 78
    RESTA           shift and go to state 79
    MULTIPLICACION  shift and go to state 80
    DIVISION        shift and go to state 81
    FUSION          shift and go to state 83
    COLISION        shift and go to state 84
    INTERCAMBIO     shift and go to state 85
    POTENCIACION    shift and go to state 86
    ATENUACION      shift and go to state 87

  ! SUMA            [ reduce using rule 63 (expresion -> expresion APROXIMACION expresion .) ]
  ! RESTA           [ reduce using rule 63 (expresion -> expresion APROXIMACION expresion .) ]
  ! MULTIPLICACION  [ reduce using rule 63 (expresion -> expresion APROXIMACION expresion .) ]
  ! DIVISION        [ reduce using rule 63 (expresion -> expresion APROXIMACION expresion .) ]
  ! FUSION          [ reduce using rule 63 (expresion -> expresion APROXIMACION expresion .) ]
  ! COLISION        [ reduce using rule 63 (expresion -> expresion APROXIMACION expresion .) ]
  ! INTERCAMBIO     [ reduce using rule 63 (expresion -> expresion APROXIMACION expresion .) ]
  ! POTENCIACION    [ reduce using rule 63 (expresion -> expresion APROXIMACION expresion .) ]
  ! ATENUACION      [ reduce using rule 63 (expresion -> expresion APROXIMACION expresion .) ]
  ! APROXIMACION    [ shift and go to state 82 ]
  ! RESULTADO       [ shift and go to state 88 ]
  ! FLUJO_ORIENTADO [ shift and go to state 89 ]
  ! OR_LOGICO       [ shift and go to state 90 ]
  ! AND_LOGICO      [ shift and go to state 91 ]


state 110

    (64) expresion -> expresion FUSION expresion .
    (59) expresion -> expresion . SUMA expresion
    (60) expresion -> expresion . RESTA expresion
    (61) expresion -> expresion . MULTIPLICACION expresion
    (62) expresion -> expresion . DIVISION expresion
    (63) expresion -> expresion . APROXIMACION expresion
    (64) expresion -> expresion . FUSION expresion
    (65) expresion -> expresion . COLISION expresion
    (66) expresion -> expresion . INTERCAMBIO expresion
    (67) expresion -> expresion . POTENCIACION expresion
    (68) expresion -> expresion . ATENUACION expresion
    (69) expresion -> expresion . RESULTADO expresion
    (70) expresion -> expresion . FLUJO_ORIENTADO expresion
    (77) expresion -> expresion . OR_LOGICO expresion
    (78) expresion -> expresion . AND_LOGICO expresion

    APROXIMACION    reduce using rule 64 (expresion -> expresion FUSION expresion .)
    FUSION          reduce using rule 64 (expresion -> expresion FUSION expresion .)
    COLISION        reduce using rule 64 (expresion -> expresion FUSION expresion .)
    INTERCAMBIO     reduce using rule 64 (expresion -> expresion FUSION expresion .)
    RESULTADO       reduce using rule 64 (expresion -> expresion FUSION expresion .)
    FLUJO_ORIENTADO reduce using rule 64 (expresion -> expresion FUSION expresion .)
    OR_LOGICO       reduce using rule 64 (expresion -> expresion FUSION expresion .)
    AND_LOGICO      reduce using rule 64 (expresion -> expresion FUSION expresion .)
    $end            reduce using rule 64 (expresion -> expresion FUSION expresion .)
    PARENTESIS_FUERTE_CIERRA reduce using rule 64 (expresion -> expresion FUSION expresion .)
    PARENTESIS_FLUIDO_CIERRA reduce using rule 64 (expresion -> expresion FUSION expresion .)
    SUMA            shift and go to state 78
    RESTA           shift and go to state 79
    MULTIPLICACION  shift and go to state 80
    DIVISION        shift and go to state 81
    POTENCIACION    shift and go to state 86
    ATENUACION      shift and go to state 87

  ! SUMA            [ reduce using rule 64 (expresion -> expresion FUSION expresion .) ]
  ! RESTA           [ reduce using rule 64 (expresion -> expresion FUSION expresion .) ]
  ! MULTIPLICACION  [ reduce using rule 64 (expresion -> expresion FUSION expresion .) ]
  ! DIVISION        [ reduce using rule 64 (expresion -> expresion FUSION expresion .) ]
  ! POTENCIACION    [ reduce using rule 64 (expresion -> expresion FUSION expresion .) ]
  ! ATENUACION      [ reduce using rule 64 (expresion -> expresion FUSION expresion .) ]
  ! APROXIMACION    [ shift and go to state 82 ]
  ! FUSION          [ shift and go to state 83 ]
  ! COLISION        [ shift and go to state 84 ]
  ! INTERCAMBIO     [ shift and go to state 85 ]
  ! RESULTADO       [ shift and go to state 88 ]
  ! FLUJO_ORIENTADO [ shift and go to state 89 ]
  ! OR_LOGICO       [ shift and go to state 90 ]
  ! AND_LOGICO      [ shift and go to state 91 ]


state 111

    (65) expresion -> expresion COLISION expresion .
    (59) expresion -> expresion . SUMA expresion
    (60) expresion -> expresion . RESTA expresion
    (61) expresion -> expresion . MULTIPLICACION expresion
    (62) expresion -> expresion . DIVISION expresion
    (63) expresion -> expresion . APROXIMACION expresion
    (64) expresion -> expresion . FUSION expresion
    (65) expresion -> expresion . COLISION expresion
    (66) expresion -> expresion . INTERCAMBIO expresion
    (67) expresion -> expresion . POTENCIACION expresion
    (68) expresion -> expresion . ATENUACION expresion
    (69) expresion -> expresion . RESULTADO expresion
    (70) expresion -> expresion . FLUJO_ORIENTADO expresion
    (77) expresion -> expresion . OR_LOGICO expresion
    (78) expresion -> expresion . AND_LOGICO expresion

    APROXIMACION    reduce using rule 65 (expresion -> expresion COLISION expresion .)
    FUSION          reduce using rule 65 (expresion -> expresion COLISION expresion .)
    COLISION        reduce using rule 65 (expresion -> expresion COLISION expresion .)
    INTERCAMBIO     reduce using rule 65 (expresion -> expresion COLISION expresion .)
    RESULTADO       reduce using rule 65 (expresion -> expresion COLISION expresion .)
    FLUJO_ORIENTADO reduce using rule 65 (expresion -> expresion COLISION expresion .)
    OR_LOGICO       reduce using rule 65 (expresion -> expresion COLISION expresion .)
    AND_LOGICO      reduce using rule 65 (expresion -> expresion COLISION expresion .)
    $end            reduce using rule 65 (expresion -> expresion COLISION expresion .)
    PARENTESIS_FUERTE_CIERRA reduce using rule 65 (expresion -> expresion COLISION expresion .)
    PARENTESIS_FLUIDO_CIERRA reduce using rule 65 (expresion -> expresion COLISION expresion .)
    SUMA            shift and go to state 78
    RESTA           shift and go to state 79
    MULTIPLICACION  shift and go to state 80
    DIVISION        shift and go to state 81
    POTENCIACION    shift and go to state 86
    ATENUACION      shift and go to state 87

  ! SUMA            [ reduce using rule 65 (expresion -> expresion COLISION expresion .) ]
  ! RESTA           [ reduce using rule 65 (expresion -> expresion COLISION expresion .) ]
  ! MULTIPLICACION  [ reduce using rule 65 (expresion -> expresion COLISION expresion .) ]
  ! DIVISION        [ reduce using rule 65 (expresion -> expresion COLISION expresion .) ]
  ! POTENCIACION    [ reduce using rule 65 (expresion -> expresion COLISION expresion .) ]
  ! ATENUACION      [ reduce using rule 65 (expresion -> expresion COLISION expresion .) ]
  ! APROXIMACION    [ shift and go to state 82 ]
  ! FUSION          [ shift and go to state 83 ]
  ! COLISION        [ shift and go to state 84 ]
  ! INTERCAMBIO     [ shift and go to state 85 ]
  ! RESULTADO       [ shift and go to state 88 ]
  ! FLUJO_ORIENTADO [ shift and go to state 89 ]
  ! OR_LOGICO       [ shift and go to state 90 ]
  ! AND_LOGICO      [ shift and go to state 91 ]


state 112

    (66) expresion -> expresion INTERCAMBIO expresion .
    (59) expresion -> expresion . SUMA expresion
    (60) expresion -> expresion . RESTA expresion
    (61) expresion -> expresion . MULTIPLICACION expresion
    (62) expresion -> expresion . DIVISION expresion
    (63) expresion -> expresion . APROXIMACION expresion
    (64) expresion -> expresion . FUSION expresion
    (65) expresion -> expresion . COLISION expresion
    (66) expresion -> expresion . INTERCAMBIO expresion
    (67) expresion -> expresion . POTENCIACION expresion
    (68) expresion -> expresion . ATENUACION expresion
    (69) expresion -> expresion . RESULTADO expresion
    (70) expresion -> expresion . FLUJO_ORIENTADO expresion
    (77) expresion -> expresion . OR_LOGICO expresion
    (78) expresion -> expresion . AND_LOGICO expresion

    APROXIMACION    reduce using rule 66 (expresion -> expresion INTERCAMBIO expresion .)
    FUSION          reduce using rule 66 (expresion -> expresion INTERCAMBIO expresion .)
    COLISION        reduce using rule 66 (expresion -> expresion INTERCAMBIO expresion .)
    INTERCAMBIO     reduce using rule 66 (expresion -> expresion INTERCAMBIO expresion .)
    RESULTADO       reduce using rule 66 (expresion -> expresion INTERCAMBIO expresion .)
    FLUJO_ORIENTADO reduce using rule 66 (expresion -> expresion INTERCAMBIO expresion .)
    OR_LOGICO       reduce using rule 66 (expresion -> expresion INTERCAMBIO expresion .)
    AND_LOGICO      reduce using rule 66 (expresion -> expresion INTERCAMBIO expresion .)
    $end            reduce using rule 66 (expresion -> expresion INTERCAMBIO expresion .)
    PARENTESIS_FUERTE_CIERRA reduce using rule 66 (expresion -> expresion INTERCAMBIO expresion .)
    PARENTESIS_FLUIDO_CIERRA reduce using rule 66 (expresion -> expresion INTERCAMBIO expresion .)
    SUMA            shift and go to state 78
    RESTA           shift and go to state 79
    MULTIPLICACION  shift and go to state 80
    DIVISION        shift and go to state 81
    POTENCIACION    shift and go to state 86
    ATENUACION      shift and go to state 87

  ! SUMA            [ reduce using rule 66 (expresion -> expresion INTERCAMBIO expresion .) ]
  ! RESTA           [ reduce using rule 66 (expresion -> expresion INTERCAMBIO expresion .) ]
  ! MULTIPLICACION  [ reduce using rule 66 (expresion -> expresion INTERCAMBIO expresion .) ]
  ! DIVISION        [ reduce using rule 66 (expresion -> expresion INTERCAMBIO expresion .) ]
  ! POTENCIACION    [ reduce using rule 66 (expresion -> expresion INTERCAMBIO expresion .) ]
  ! ATENUACION      [ reduce using rule 66 (expresion -> expresion INTERCAMBIO expresion .) ]
  ! APROXIMACION    [ shift and go to state 82 ]
  ! FUSION          [ shift and go to state 83 ]
  ! COLISION        [ shift and go to state 84 ]
  ! INTERCAMBIO     [ shift and go to state 85 ]
  ! RESULTADO       [ shift and go to state 88 ]
  ! FLUJO_ORIENTADO [ shift and go to state 89 ]
  ! OR_LOGICO       [ shift and go to state 90 ]
  ! AND_LOGICO      [ shift and go to state 91 ]


state 113

    (67) expresion -> expresion POTENCIACION expresion .
    (59) expresion -> expresion . SUMA expresion
    (60) expresion -> expresion . RESTA expresion
    (61) expresion -> expresion . MULTIPLICACION expresion
    (62) expresion -> expresion . DIVISION expresion
    (63) expresion -> expresion . APROXIMACION expresion
    (64) expresion -> expresion . FUSION expresion
    (65) expresion -> expresion . COLISION expresion
    (66) expresion -> expresion . INTERCAMBIO expresion
    (67) expresion -> expresion . POTENCIACION expresion
    (68) expresion -> expresion . ATENUACION expresion
    (69) expresion -> expresion . RESULTADO expresion
    (70) expresion -> expresion . FLUJO_ORIENTADO expresion
    (77) expresion -> expresion . OR_LOGICO expresion
    (78) expresion -> expresion . AND_LOGICO expresion

    SUMA            reduce using rule 67 (expresion -> expresion POTENCIACION expresion .)
    RESTA           reduce using rule 67 (expresion -> expresion POTENCIACION expresion .)
    MULTIPLICACION  reduce using rule 67 (expresion -> expresion POTENCIACION expresion .)
    DIVISION        reduce using rule 67 (expresion -> expresion POTENCIACION expresion .)
    APROXIMACION    reduce using rule 67 (expresion -> expresion POTENCIACION expresion .)
    FUSION          reduce using rule 67 (expresion -> expresion POTENCIACION expresion .)
    COLISION        reduce using rule 67 (expresion -> expresion POTENCIACION expresion .)
    INTERCAMBIO     reduce using rule 67 (expresion -> expresion POTENCIACION expresion .)
    RESULTADO       reduce using rule 67 (expresion -> expresion POTENCIACION expresion .)
    FLUJO_ORIENTADO reduce using rule 67 (expresion -> expresion POTENCIACION expresion .)
    OR_LOGICO       reduce using rule 67 (expresion -> expresion POTENCIACION expresion .)
    AND_LOGICO      reduce using rule 67 (expresion -> expresion POTENCIACION expresion .)
    $end            reduce using rule 67 (expresion -> expresion POTENCIACION expresion .)
    PARENTESIS_FUERTE_CIERRA reduce using rule 67 (expresion -> expresion POTENCIACION expresion .)
    PARENTESIS_FLUIDO_CIERRA reduce using rule 67 (expresion -> expresion POTENCIACION expresion .)
    POTENCIACION    shift and go to state 86
    ATENUACION      shift and go to state 87

  ! POTENCIACION    [ reduce using rule 67 (expresion -> expresion POTENCIACION expresion .) ]
  ! ATENUACION      [ reduce using rule 67 (expresion -> expresion POTENCIACION expresion .) ]
  ! SUMA            [ shift and go to state 78 ]
  ! RESTA           [ shift and go to state 79 ]
  ! MULTIPLICACION  [ shift and go to state 80 ]
  ! DIVISION        [ shift and go to state 81 ]
  ! APROXIMACION    [ shift and go to state 82 ]
  ! FUSION          [ shift and go to state 83 ]
  ! COLISION        [ shift and go to state 84 ]
  ! INTERCAMBIO     [ shift and go to state 85 ]
  ! RESULTADO       [ shift and go to state 88 ]
  ! FLUJO_ORIENTADO [ shift and go to state 89 ]
  ! OR_LOGICO       [ shift and go to state 90 ]
  ! AND_LOGICO      [ shift and go to state 91 ]


state 114

    (68) expresion -> expresion ATENUACION expresion .
    (59) expresion -> expresion . SUMA expresion
    (60) expresion -> expresion . RESTA expresion
    (61) expresion -> expresion . MULTIPLICACION expresion
    (62) expresion -> expresion . DIVISION expresion
    (63) expresion -> expresion . APROXIMACION expresion
    (64) expresion -> expresion . FUSION expresion
    (65) expresion -> expresion . COLISION expresion
    (66) expresion -> expresion . INTERCAMBIO expresion
    (67) expresion -> expresion . POTENCIACION expresion
    (68) expresion -> expresion . ATENUACION expresion
    (69) expresion -> expresion . RESULTADO expresion
    (70) expresion -> expresion . FLUJO_ORIENTADO expresion
    (77) expresion -> expresion . OR_LOGICO expresion
    (78) expresion -> expresion . AND_LOGICO expresion

    SUMA            reduce using rule 68 (expresion -> expresion ATENUACION expresion .)
    RESTA           reduce using rule 68 (expresion -> expresion ATENUACION expresion .)
    MULTIPLICACION  reduce using rule 68 (expresion -> expresion ATENUACION expresion .)
    DIVISION        reduce using rule 68 (expresion -> expresion ATENUACION expresion .)
    APROXIMACION    reduce using rule 68 (expresion -> expresion ATENUACION expresion .)
    FUSION          reduce using rule 68 (expresion -> expresion ATENUACION expresion .)
    COLISION        reduce using rule 68 (expresion -> expresion ATENUACION expresion .)
    INTERCAMBIO     reduce using rule 68 (expresion -> expresion ATENUACION expresion .)
    RESULTADO       reduce using rule 68 (expresion -> expresion ATENUACION expresion .)
    FLUJO_ORIENTADO reduce using rule 68 (expresion -> expresion ATENUACION expresion .)
    OR_LOGICO       reduce using rule 68 (expresion -> expresion ATENUACION expresion .)
    AND_LOGICO      reduce using rule 68 (expresion -> expresion ATENUACION expresion .)
    $end            reduce using rule 68 (expresion -> expresion ATENUACION expresion .)
    PARENTESIS_FUERTE_CIERRA reduce using rule 68 (expresion -> expresion ATENUACION expresion .)
    PARENTESIS_FLUIDO_CIERRA reduce using rule 68 (expresion -> expresion ATENUACION expresion .)
    POTENCIACION    shift and go to state 86
    ATENUACION      shift and go to state 87

  ! POTENCIACION    [ reduce using rule 68 (expresion -> expresion ATENUACION expresion .) ]
  ! ATENUACION      [ reduce using rule 68 (expresion -> expresion ATENUACION expresion .) ]
  ! SUMA            [ shift and go to state 78 ]
  ! RESTA           [ shift and go to state 79 ]
  ! MULTIPLICACION  [ shift and go to state 80 ]
  ! DIVISION        [ shift and go to state 81 ]
  ! APROXIMACION    [ shift and go to state 82 ]
  ! FUSION          [ shift and go to state 83 ]
  ! COLISION        [ shift and go to state 84 ]
  ! INTERCAMBIO     [ shift and go to state 85 ]
  ! RESULTADO       [ shift and go to state 88 ]
  ! FLUJO_ORIENTADO [ shift and go to state 89 ]
  ! OR_LOGICO       [ shift and go to state 90 ]
  ! AND_LOGICO      [ shift and go to state 91 ]


state 115

    (69) expresion -> expresion RESULTADO expresion .
    (59) expresion -> expresion . SUMA expresion
    (60) expresion -> expresion . RESTA expresion
    (61) expresion -> expresion . MULTIPLICACION expresion
    (62) expresion -> expresion . DIVISION expresion
    (63) expresion -> expresion . APROXIMACION expresion
    (64) expresion -> expresion . FUSION expresion
    (65) expresion -> expresion . COLISION expresion
    (66) expresion -> expresion . INTERCAMBIO expresion
    (67) expresion -> expresion . POTENCIACION expresion
    (68) expresion -> expresion . ATENUACION expresion
    (69) expresion -> expresion . RESULTADO expresion
    (70) expresion -> expresion . FLUJO_ORIENTADO expresion
    (77) expresion -> expresion . OR_LOGICO expresion
    (78) expresion -> expresion . AND_LOGICO expresion

    RESULTADO       reduce using rule 69 (expresion -> expresion RESULTADO expresion .)
    FLUJO_ORIENTADO reduce using rule 69 (expresion -> expresion RESULTADO expresion .)
    $end            reduce using rule 69 (expresion -> expresion RESULTADO expresion .)
    PARENTESIS_FUERTE_CIERRA reduce using rule 69 (expresion -> expresion RESULTADO expresion .)
    PARENTESIS_FLUIDO_CIERRA reduce using rule 69 (expresion -> expresion RESULTADO expresion .)
    SUMA            shift and go to state 78
    RESTA           shift and go to state 79
    MULTIPLICACION  shift and go to state 80
    DIVISION        shift and go to state 81
    APROXIMACION    shift and go to state 82
    FUSION          shift and go to state 83
    COLISION        shift and go to state 84
    INTERCAMBIO     shift and go to state 85
    POTENCIACION    shift and go to state 86
    ATENUACION      shift and go to state 87
    OR_LOGICO       shift and go to state 90
    AND_LOGICO      shift and go to state 91

  ! SUMA            [ reduce using rule 69 (expresion -> expresion RESULTADO expresion .) ]
  ! RESTA           [ reduce using rule 69 (expresion -> expresion RESULTADO expresion .) ]
  ! MULTIPLICACION  [ reduce using rule 69 (expresion -> expresion RESULTADO expresion .) ]
  ! DIVISION        [ reduce using rule 69 (expresion -> expresion RESULTADO expresion .) ]
  ! APROXIMACION    [ reduce using rule 69 (expresion -> expresion RESULTADO expresion .) ]
  ! FUSION          [ reduce using rule 69 (expresion -> expresion RESULTADO expresion .) ]
  ! COLISION        [ reduce using rule 69 (expresion -> expresion RESULTADO expresion .) ]
  ! INTERCAMBIO     [ reduce using rule 69 (expresion -> expresion RESULTADO expresion .) ]
  ! POTENCIACION    [ reduce using rule 69 (expresion -> expresion RESULTADO expresion .) ]
  ! ATENUACION      [ reduce using rule 69 (expresion -> expresion RESULTADO expresion .) ]
  ! OR_LOGICO       [ reduce using rule 69 (expresion -> expresion RESULTADO expresion .) ]
  ! AND_LOGICO      [ reduce using rule 69 (expresion -> expresion RESULTADO expresion .) ]
  ! RESULTADO       [ shift and go to state 88 ]
  ! FLUJO_ORIENTADO [ shift and go to state 89 ]


state 116

    (70) expresion -> expresion FLUJO_ORIENTADO expresion .
    (59) expresion -> expresion . SUMA expresion
    (60) expresion -> expresion . RESTA expresion
    (61) expresion -> expresion . MULTIPLICACION expresion
    (62) expresion -> expresion . DIVISION expresion
    (63) expresion -> expresion . APROXIMACION expresion
    (64) expresion -> expresion . FUSION expresion
    (65) expresion -> expresion . COLISION expresion
    (66) expresion -> expresion . INTERCAMBIO expresion
    (67) expresion -> expresion . POTENCIACION expresion
    (68) expresion -> expresion . ATENUACION expresion
    (69) expresion -> expresion . RESULTADO expresion
    (70) expresion -> expresion . FLUJO_ORIENTADO expresion
    (77) expresion -> expresion . OR_LOGICO expresion
    (78) expresion -> expresion . AND_LOGICO expresion

    RESULTADO       reduce using rule 70 (expresion -> expresion FLUJO_ORIENTADO expresion .)
    FLUJO_ORIENTADO reduce using rule 70 (expresion -> expresion FLUJO_ORIENTADO expresion .)
    $end            reduce using rule 70 (expresion -> expresion FLUJO_ORIENTADO expresion .)
    PARENTESIS_FUERTE_CIERRA reduce using rule 70 (expresion -> expresion FLUJO_ORIENTADO expresion .)
    PARENTESIS_FLUIDO_CIERRA reduce using rule 70 (expresion -> expresion FLUJO_ORIENTADO expresion .)
    SUMA            shift and go to state 78
    RESTA           shift and go to state 79
    MULTIPLICACION  shift and go to state 80
    DIVISION        shift and go to state 81
    APROXIMACION    shift and go to state 82
    FUSION          shift and go to state 83
    COLISION        shift and go to state 84
    INTERCAMBIO     shift and go to state 85
    POTENCIACION    shift and go to state 86
    ATENUACION      shift and go to state 87
    OR_LOGICO       shift and go to state 90
    AND_LOGICO      shift and go to state 91

  ! SUMA            [ reduce using rule 70 (expresion -> expresion FLUJO_ORIENTADO expresion .) ]
  ! RESTA           [ reduce using rule 70 (expresion -> expresion FLUJO_ORIENTADO expresion .) ]
  ! MULTIPLICACION  [ reduce using rule 70 (expresion -> expresion FLUJO_ORIENTADO expresion .) ]
  ! DIVISION        [ reduce using rule 70 (expresion -> expresion FLUJO_ORIENTADO expresion .) ]
  ! APROXIMACION    [ reduce using rule 70 (expresion -> expresion FLUJO_ORIENTADO expresion .) ]
  ! FUSION          [ reduce using rule 70 (expresion -> expresion FLUJO_ORIENTADO expresion .) ]
  ! COLISION        [ reduce using rule 70 (expresion -> expresion FLUJO_ORIENTADO expresion .) ]
  ! INTERCAMBIO     [ reduce using rule 70 (expresion -> expresion FLUJO_ORIENTADO expresion .) ]
  ! POTENCIACION    [ reduce using rule 70 (expresion -> expresion FLUJO_ORIENTADO expresion .) ]
  ! ATENUACION      [ reduce using rule 70 (expresion -> expresion FLUJO_ORIENTADO expresion .) ]
  ! OR_LOGICO       [ reduce using rule 70 (expresion -> expresion FLUJO_ORIENTADO expresion .) ]
  ! AND_LOGICO      [ reduce using rule 70 (expresion -> expresion FLUJO_ORIENTADO expresion .) ]
  ! RESULTADO       [ shift and go to state 88 ]
  ! FLUJO_ORIENTADO [ shift and go to state 89 ]


state 117

    (77) expresion -> expresion OR_LOGICO expresion .
    (59) expresion -> expresion . SUMA expresion
    (60) expresion -> expresion . RESTA expresion
    (61) expresion -> expresion . MULTIPLICACION expresion
    (62) expresion -> expresion . DIVISION expresion
    (63) expresion -> expresion . APROXIMACION expresion
    (64) expresion -> expresion . FUSION expresion
    (65) expresion -> expresion . COLISION expresion
    (66) expresion -> expresion . INTERCAMBIO expresion
    (67) expresion -> expresion . POTENCIACION expresion
    (68) expresion -> expresion . ATENUACION expresion
    (69) expresion -> expresion . RESULTADO expresion
    (70) expresion -> expresion . FLUJO_ORIENTADO expresion
    (77) expresion -> expresion . OR_LOGICO expresion
    (78) expresion -> expresion . AND_LOGICO expresion

    RESULTADO       reduce using rule 77 (expresion -> expresion OR_LOGICO expresion .)
    FLUJO_ORIENTADO reduce using rule 77 (expresion -> expresion OR_LOGICO expresion .)
    OR_LOGICO       reduce using rule 77 (expresion -> expresion OR_LOGICO expresion .)
    AND_LOGICO      reduce using rule 77 (expresion -> expresion OR_LOGICO expresion .)
    $end            reduce using rule 77 (expresion -> expresion OR_LOGICO expresion .)
    PARENTESIS_FUERTE_CIERRA reduce using rule 77 (expresion -> expresion OR_LOGICO expresion .)
    PARENTESIS_FLUIDO_CIERRA reduce using rule 77 (expresion -> expresion OR_LOGICO expresion .)
    SUMA            shift and go to state 78
    RESTA           shift and go to state 79
    MULTIPLICACION  shift and go to state 80
    DIVISION        shift and go to state 81
    APROXIMACION    shift and go to state 82
    FUSION          shift and go to state 83
    COLISION        shift and go to state 84
    INTERCAMBIO     shift and go to state 85
    POTENCIACION    shift and go to state 86
    ATENUACION      shift and go to state 87

  ! SUMA            [ reduce using rule 77 (expresion -> expresion OR_LOGICO expresion .) ]
  ! RESTA           [ reduce using rule 77 (expresion -> expresion OR_LOGICO expresion .) ]
  ! MULTIPLICACION  [ reduce using rule 77 (expresion -> expresion OR_LOGICO expresion .) ]
  ! DIVISION        [ reduce using rule 77 (expresion -> expresion OR_LOGICO expresion .) ]
  ! APROXIMACION    [ reduce using rule 77 (expresion -> expresion OR_LOGICO expresion .) ]
  ! FUSION          [ reduce using rule 77 (expresion -> expresion OR_LOGICO expresion .) ]
  ! COLISION        [ reduce using rule 77 (expresion -> expresion OR_LOGICO expresion .) ]
  ! INTERCAMBIO     [ reduce using rule 77 (expresion -> expresion OR_LOGICO expresion .) ]
  ! POTENCIACION    [ reduce using rule 77 (expresion -> expresion OR_LOGICO expresion .) ]
  ! ATENUACION      [ reduce using rule 77 (expresion -> expresion OR_LOGICO expresion .) ]
  ! RESULTADO       [ shift and go to state 88 ]
  ! FLUJO_ORIENTADO [ shift and go to state 89 ]
  ! OR_LOGICO       [ shift and go to state 90 ]
  ! AND_LOGICO      [ shift and go to state 91 ]


state 118

    (78) expresion -> expresion AND_LOGICO expresion .
    (59) expresion -> expresion . SUMA expresion
    (60) expresion -> expresion . RESTA expresion
    (61) expresion -> expresion . MULTIPLICACION expresion
    (62) expresion -> expresion . DIVISION expresion
    (63) expresion -> expresion . APROXIMACION expresion
    (64) expresion -> expresion . FUSION expresion
    (65) expresion -> expresion . COLISION expresion
    (66) expresion -> expresion . INTERCAMBIO expresion
    (67) expresion -> expresion . POTENCIACION expresion
    (68) expresion -> expresion . ATENUACION expresion
    (69) expresion -> expresion . RESULTADO expresion
    (70) expresion -> expresion . FLUJO_ORIENTADO expresion
    (77) expresion -> expresion . OR_LOGICO expresion
    (78) expresion -> expresion . AND_LOGICO expresion

    RESULTADO       reduce using rule 78 (expresion -> expresion AND_LOGICO expresion .)
    FLUJO_ORIENTADO reduce using rule 78 (expresion -> expresion AND_LOGICO expresion .)
    OR_LOGICO       reduce using rule 78 (expresion -> expresion AND_LOGICO expresion .)
    AND_LOGICO      reduce using rule 78 (expresion -> expresion AND_LOGICO expresion .)
    $end            reduce using rule 78 (expresion -> expresion AND_LOGICO expresion .)
    PARENTESIS_FUERTE_CIERRA reduce using rule 78 (expresion -> expresion AND_LOGICO expresion .)
    PARENTESIS_FLUIDO_CIERRA reduce using rule 78 (expresion -> expresion AND_LOGICO expresion .)
    SUMA            shift and go to state 78
    RESTA           shift and go to state 79
    MULTIPLICACION  shift and go to state 80
    DIVISION        shift and go to state 81
    APROXIMACION    shift and go to state 82
    FUSION          shift and go to state 83
    COLISION        shift and go to state 84
    INTERCAMBIO     shift and go to state 85
    POTENCIACION    shift and go to state 86
    ATENUACION      shift and go to state 87

  ! SUMA            [ reduce using rule 78 (expresion -> expresion AND_LOGICO expresion .) ]
  ! RESTA           [ reduce using rule 78 (expresion -> expresion AND_LOGICO expresion .) ]
  ! MULTIPLICACION  [ reduce using rule 78 (expresion -> expresion AND_LOGICO expresion .) ]
  ! DIVISION        [ reduce using rule 78 (expresion -> expresion AND_LOGICO expresion .) ]
  ! APROXIMACION    [ reduce using rule 78 (expresion -> expresion AND_LOGICO expresion .) ]
  ! FUSION          [ reduce using rule 78 (expresion -> expresion AND_LOGICO expresion .) ]
  ! COLISION        [ reduce using rule 78 (expresion -> expresion AND_LOGICO expresion .) ]
  ! INTERCAMBIO     [ reduce using rule 78 (expresion -> expresion AND_LOGICO expresion .) ]
  ! POTENCIACION    [ reduce using rule 78 (expresion -> expresion AND_LOGICO expresion .) ]
  ! ATENUACION      [ reduce using rule 78 (expresion -> expresion AND_LOGICO expresion .) ]
  ! RESULTADO       [ shift and go to state 88 ]
  ! FLUJO_ORIENTADO [ shift and go to state 89 ]
  ! OR_LOGICO       [ shift and go to state 90 ]
  ! AND_LOGICO      [ shift and go to state 91 ]


state 119

    (84) expresion -> PARENTESIS_FUERTE_ABRE expresion PARENTESIS_FUERTE_CIERRA .

    SUMA            reduce using rule 84 (expresion -> PARENTESIS_FUERTE_ABRE expresion PARENTESIS_FUERTE_CIERRA .)
    RESTA           reduce using rule 84 (expresion -> PARENTESIS_FUERTE_ABRE expresion PARENTESIS_FUERTE_CIERRA .)
    MULTIPLICACION  reduce using rule 84 (expresion -> PARENTESIS_FUERTE_ABRE expresion PARENTESIS_FUERTE_CIERRA .)
    DIVISION        reduce using rule 84 (expresion -> PARENTESIS_FUERTE_ABRE expresion PARENTESIS_FUERTE_CIERRA .)
    APROXIMACION    reduce using rule 84 (expresion -> PARENTESIS_FUERTE_ABRE expresion PARENTESIS_FUERTE_CIERRA .)
    FUSION          reduce using rule 84 (expresion -> PARENTESIS_FUERTE_ABRE expresion PARENTESIS_FUERTE_CIERRA .)
    COLISION        reduce using rule 84 (expresion -> PARENTESIS_FUERTE_ABRE expresion PARENTESIS_FUERTE_CIERRA .)
    INTERCAMBIO     reduce using rule 84 (expresion -> PARENTESIS_FUERTE_ABRE expresion PARENTESIS_FUERTE_CIERRA .)
    POTENCIACION    reduce using rule 84 (expresion -> PARENTESIS_FUERTE_ABRE expresion PARENTESIS_FUERTE_CIERRA .)
    ATENUACION      reduce using rule 84 (expresion -> PARENTESIS_FUERTE_ABRE expresion PARENTESIS_FUERTE_CIERRA .)
    RESULTADO       reduce using rule 84 (expresion -> PARENTESIS_FUERTE_ABRE expresion PARENTESIS_FUERTE_CIERRA .)
    FLUJO_ORIENTADO reduce using rule 84 (expresion -> PARENTESIS_FUERTE_ABRE expresion PARENTESIS_FUERTE_CIERRA .)
    OR_LOGICO       reduce using rule 84 (expresion -> PARENTESIS_FUERTE_ABRE expresion PARENTESIS_FUERTE_CIERRA .)
    AND_LOGICO      reduce using rule 84 (expresion -> PARENTESIS_FUERTE_ABRE expresion PARENTESIS_FUERTE_CIERRA .)
    $end            reduce using rule 84 (expresion -> PARENTESIS_FUERTE_ABRE expresion PARENTESIS_FUERTE_CIERRA .)
    PARENTESIS_FUERTE_CIERRA reduce using rule 84 (expresion -> PARENTESIS_FUERTE_ABRE expresion PARENTESIS_FUERTE_CIERRA .)
    PARENTESIS_FLUIDO_CIERRA reduce using rule 84 (expresion -> PARENTESIS_FUERTE_ABRE expresion PARENTESIS_FUERTE_CIERRA .)


state 120

    (85) expresion -> PARENTESIS_FLUIDO_ABRE expresion PARENTESIS_FLUIDO_CIERRA .

    SUMA            reduce using rule 85 (expresion -> PARENTESIS_FLUIDO_ABRE expresion PARENTESIS_FLUIDO_CIERRA .)
    RESTA           reduce using rule 85 (expresion -> PARENTESIS_FLUIDO_ABRE expresion PARENTESIS_FLUIDO_CIERRA .)
    MULTIPLICACION  reduce using rule 85 (expresion -> PARENTESIS_FLUIDO_ABRE expresion PARENTESIS_FLUIDO_CIERRA .)
    DIVISION        reduce using rule 85 (expresion -> PARENTESIS_FLUIDO_ABRE expresion PARENTESIS_FLUIDO_CIERRA .)
    APROXIMACION    reduce using rule 85 (expresion -> PARENTESIS_FLUIDO_ABRE expresion PARENTESIS_FLUIDO_CIERRA .)
    FUSION          reduce using rule 85 (expresion -> PARENTESIS_FLUIDO_ABRE expresion PARENTESIS_FLUIDO_CIERRA .)
    COLISION        reduce using rule 85 (expresion -> PARENTESIS_FLUIDO_ABRE expresion PARENTESIS_FLUIDO_CIERRA .)
    INTERCAMBIO     reduce using rule 85 (expresion -> PARENTESIS_FLUIDO_ABRE expresion PARENTESIS_FLUIDO_CIERRA .)
    POTENCIACION    reduce using rule 85 (expresion -> PARENTESIS_FLUIDO_ABRE expresion PARENTESIS_FLUIDO_CIERRA .)
    ATENUACION      reduce using rule 85 (expresion -> PARENTESIS_FLUIDO_ABRE expresion PARENTESIS_FLUIDO_CIERRA .)
    RESULTADO       reduce using rule 85 (expresion -> PARENTESIS_FLUIDO_ABRE expresion PARENTESIS_FLUIDO_CIERRA .)
    FLUJO_ORIENTADO reduce using rule 85 (expresion -> PARENTESIS_FLUIDO_ABRE expresion PARENTESIS_FLUIDO_CIERRA .)
    OR_LOGICO       reduce using rule 85 (expresion -> PARENTESIS_FLUIDO_ABRE expresion PARENTESIS_FLUIDO_CIERRA .)
    AND_LOGICO      reduce using rule 85 (expresion -> PARENTESIS_FLUIDO_ABRE expresion PARENTESIS_FLUIDO_CIERRA .)
    $end            reduce using rule 85 (expresion -> PARENTESIS_FLUIDO_ABRE expresion PARENTESIS_FLUIDO_CIERRA .)
    PARENTESIS_FUERTE_CIERRA reduce using rule 85 (expresion -> PARENTESIS_FLUIDO_ABRE expresion PARENTESIS_FLUIDO_CIERRA .)
    PARENTESIS_FLUIDO_CIERRA reduce using rule 85 (expresion -> PARENTESIS_FLUIDO_ABRE expresion PARENTESIS_FLUIDO_CIERRA .)

WARNING: 
WARNING: Conflicts:
WARNING: 
WARNING: shift/reduce conflict for SUMA in state 94 resolved as shift
WARNING: shift/reduce conflict for RESTA in state 94 resolved as shift
WARNING: shift/reduce conflict for MULTIPLICACION in state 94 resolved as shift
WARNING: shift/reduce conflict for DIVISION in state 94 resolved as shift
WARNING: shift/reduce conflict for APROXIMACION in state 94 resolved as shift
WARNING: shift/reduce conflict for FUSION in state 94 resolved as shift
WARNING: shift/reduce conflict for COLISION in state 94 resolved as shift
WARNING: shift/reduce conflict for INTERCAMBIO in state 94 resolved as shift
WARNING: shift/reduce conflict for POTENCIACION in state 94 resolved as shift
WARNING: shift/reduce conflict for ATENUACION in state 94 resolved as shift
WARNING: shift/reduce conflict for RESULTADO in state 94 resolved as shift
WARNING: shift/reduce conflict for FLUJO_ORIENTADO in state 94 resolved as shift
WARNING: shift/reduce conflict for OR_LOGICO in state 94 resolved as shift
WARNING: shift/reduce conflict for AND_LOGICO in state 94 resolved as shift
WARNING: shift/reduce conflict for SUMA in state 95 resolved as shift
WARNING: shift/reduce conflict for RESTA in state 95 resolved as shift
WARNING: shift/reduce conflict for MULTIPLICACION in state 95 resolved as shift
WARNING: shift/reduce conflict for DIVISION in state 95 resolved as shift
WARNING: shift/reduce conflict for APROXIMACION in state 95 resolved as shift
WARNING: shift/reduce conflict for FUSION in state 95 resolved as shift
WARNING: shift/reduce conflict for COLISION in state 95 resolved as shift
WARNING: shift/reduce conflict for INTERCAMBIO in state 95 resolved as shift
WARNING: shift/reduce conflict for POTENCIACION in state 95 resolved as shift
WARNING: shift/reduce conflict for ATENUACION in state 95 resolved as shift
WARNING: shift/reduce conflict for RESULTADO in state 95 resolved as shift
WARNING: shift/reduce conflict for FLUJO_ORIENTADO in state 95 resolved as shift
WARNING: shift/reduce conflict for OR_LOGICO in state 95 resolved as shift
WARNING: shift/reduce conflict for AND_LOGICO in state 95 resolved as shift
WARNING: shift/reduce conflict for SUMA in state 96 resolved as shift
WARNING: shift/reduce conflict for RESTA in state 96 resolved as shift
WARNING: shift/reduce conflict for MULTIPLICACION in state 96 resolved as shift
WARNING: shift/reduce conflict for DIVISION in state 96 resolved as shift
WARNING: shift/reduce conflict for APROXIMACION in state 96 resolved as shift
WARNING: shift/reduce conflict for FUSION in state 96 resolved as shift
WARNING: shift/reduce conflict for COLISION in state 96 resolved as shift
WARNING: shift/reduce conflict for INTERCAMBIO in state 96 resolved as shift
WARNING: shift/reduce conflict for POTENCIACION in state 96 resolved as shift
WARNING: shift/reduce conflict for ATENUACION in state 96 resolved as shift
WARNING: shift/reduce conflict for RESULTADO in state 96 resolved as shift
WARNING: shift/reduce conflict for FLUJO_ORIENTADO in state 96 resolved as shift
WARNING: shift/reduce conflict for OR_LOGICO in state 96 resolved as shift
WARNING: shift/reduce conflict for AND_LOGICO in state 96 resolved as shift
WARNING: shift/reduce conflict for SUMA in state 97 resolved as shift
WARNING: shift/reduce conflict for RESTA in state 97 resolved as shift
WARNING: shift/reduce conflict for MULTIPLICACION in state 97 resolved as shift
WARNING: shift/reduce conflict for DIVISION in state 97 resolved as shift
WARNING: shift/reduce conflict for APROXIMACION in state 97 resolved as shift
WARNING: shift/reduce conflict for FUSION in state 97 resolved as shift
WARNING: shift/reduce conflict for COLISION in state 97 resolved as shift
WARNING: shift/reduce conflict for INTERCAMBIO in state 97 resolved as shift
WARNING: shift/reduce conflict for POTENCIACION in state 97 resolved as shift
WARNING: shift/reduce conflict for ATENUACION in state 97 resolved as shift
WARNING: shift/reduce conflict for RESULTADO in state 97 resolved as shift
WARNING: shift/reduce conflict for FLUJO_ORIENTADO in state 97 resolved as shift
WARNING: shift/reduce conflict for OR_LOGICO in state 97 resolved as shift
WARNING: shift/reduce conflict for AND_LOGICO in state 97 resolved as shift
